,к,,ο,ָ,,,½ں,Ǽƻ,ȷ,ԭ,װ,װϷСʱ,װϷѭ,װʹСʱ,װʹѭ,,·Сʱ,·ѭ,ʹСʱ,ʹѭ,,װʹСʱ,ϴ,װʹѭ,װϼ,װ,޹˾,CY TSN,FH TSN,ʱ/FH,ʱ/CY,,DEF#,TLB
73N,73N05655,6995    ,DE    ,CC    ,67600014-1              ,67600014-5018   ,21    ,X,X,FAIL  ,2015-10-27,00:00,0,00:00,0,2016-04-18,1347:24,666,1347:24,666,FROM   FLB00004950B,1347:24,"    ָMEL21-05еM,AM 21-51-21ѹͲ,ԼZTC޹Ϣ,յ,رDD201609798AF remove the M item of MEL21-05 and refer AMM21-51-21 replace theFLB00005285B  left rain air enlet actuator and bite ZTC no faultoperation pack FLB00005285B   work close DD201609798",666,67600014-1              ,67600014-760    ,,7396,16106.31,, ,ACTUATOR-RAM AIR                                            ,3958177,00005285
73N,73N05645,1482    ,DE    ,CC    ,67600014-1              ,67600014-4839   ,21    ,X,X,FAIL  ,2015-10-19,00:00,0,00:00,0,2018-11-11,9030:58,5874,9030:58,5874,,9030:58,"        վMEL21-01-01-01зɻ M,  O,ѻOKWEFLB00007920AԼZTC2 SRADR exit Ϣ,AMM21-51-27 ѹ,زԼZTC.Ϣ,TCVSTCV©AF bite ztc2 have sradr exit message refer AMM21-51-27 replacerh pack ram air exchaust actuator test ok bite ztc no message  tcvstcv no leakage",5874,67600014-1              ,67600014-5623   ,,4013,7650.02,, ,ACTUATOR-RAM AIR                                            ,6786320,00007920
73N,73N05695,7198    ,DE    ,CC    ,67600014-1              ,67600014-5150   ,21    ,X,X,FAIL  ,2015-11-30,00:00,0,00:00,0,2017-12-21,6419:58,2749,6419:58,2749,FROM FLB 000105634,6419:58,"    MEL21-05 ָM, AMM21-51-27 ҲѹͲ,.ر DD201739282 ⽭AF REFER TO MEL21-05 RECOVER M ITEM REFER TO AMM21-51-27 REPLACERIGHT RAM AIR EXHAUST ACTUATOR TEST NORMAL CLOSED DD201739282",2749,67600014-1              ,67600014-909    ,,5831,11475.4,, ,ACTUATOR-RAM AIR                                            ,5643636,00010566
73N,73N05695,7198    ,DE    ,CC    ,67600014-1              ,67600014-909    ,21    ,X,X,FAIL  ,2017-12-21,6419:58,2749,8552:41,4278,2018-01-16,6622:57,2836,8755:40,4365,FROM FLB 00015393B,202:59,   AMM21-51-27ѹ.ZTCδйϢ.رDD201801419.  ʢAF REFER TO AMM21-51-27 REPLACED R PACK MAIN AIR EXHAUST ACTUTORTEST ZTC NO FAULT EXCHANGE CLOSED DD201801419,87,67600014-1              ,67600014-1246   ,HONEYWELL,96,216.12,202:59,87,ACTUATOR-RAM AIR                                            ,5732739,00015419
73N,73N05703,1483    ,DE    ,CC    ,67600014-1              ,67600014-5184   ,21    ,X,X,FAIL  ,2015-12-02,00:00,0,00:00,0,2018-03-09,6202:41,4133,6202:41,4133,ʱHIA,6202:41,"      վMEL21-32HIAFLB:00015717BAMM21-61-20ZTC2AMM21-51-27ѹͲ,     AF refer to AMM21-61-20 repalce ZTC2 refer toAMM21-51-27 replace right pack ram air exhaust actuator tets ok   67600014-1/67600014-5184   ON;67600014-1/67600014-1585",4133,67600014-1              ,67600014-1585   ,,6763,12447.44,, ,ACTUATOR-RAM AIR                                            ,5925873,00015716
73N,73N05760,1568    ,DE    ,CC    ,67600014-1              ,67600014-5461   ,21    ,X,X,FAIL  ,2016-01-21,00:00,0,00:00,0,2016-08-20,330:42,131,330:42,131,FROM   FLB00016602A,330:42,"   DD201622216AMM21-51-21/401ѹ,,رDDָM.         S/N   67600014-809AF accomplished DD201622216 refer AMM21-51/401 replace left packair actnator test is ok clesd DD restror the M project",131,67600014-1              ,67600014-809    ,,6072,13684.13,, ,ACTUATOR-RAM AIR                                            ,4264491,00016613
73N,73N05612,7105    ,DE    ,CC    ,67600014-1              ,67600014-4801   ,21    ,X,X,FAIL  ,2015-09-30,00:00,0,00:00,0,2017-10-27,6660:27,3312,6660:27,3312,վ鷢ʱ.TYN TR Check that the left componentis displayed when it is lit.,6660:27,"         ɸλ,ĶZTC 1 EXIT,MEL21-32.TYN Groundcheck can be reset, read left ZTC 1 code EXIT, press MEL21-32DISPATCH FLB00019125 ԼZTCSRADAEXITϢ,ʱɸλ FIM21-62TASK853AMM21-51-21ѹ,Ʋ. AF Self-test left and right components ZTC hasleft component SRADA EXIT information, when the left part of thelight can be reset can be reset according to FIM21-62TASK 853 andAMM21-51- 21 replace the left component stamping inlet actuator, testthe normal reproduction of the component light does not shine.",3312,67600014-1              ,67600014-5676   ,,847,1585.45,, ,ACTUATOR-RAM AIR                                            ,5462768,00019122
73N,73N05612,7105    ,DE    ,CC    ,67600014-1              ,67600014-961    ,21    ,X,X,FAIL  ,2017-09-03,6296:53,3108,10568:33,5343,2017-12-28,7119:48,3533,11391:28,5768,,822:55,"   FROM FL 00024134BAMM21-51-27ѹ,ָM DD201739901   гAF REF TO AMM21-51-27 REPALCED EXIT SRADA FINSIEHD M ITEM RENOVED",425,67600014-1              ,67600014-880    ,HONEYWELL,7836,15425.1,822:55,425,ACTUATOR-RAM AIR                                            ,5668518,00024142
73N,73N05655,6995    ,DE    ,CC    ,67600014-1              ,67600014-3159   ,21    ,X,X,FAIL  ,2018-06-15,8279:56,3689,6944:53,3707,2019-01-29,10405:52,4549,9070:49,4567,   ޺ ON THE AIR THE AIRCRAFT R PACK LIGHT ISON FLB00029474B pack    THE AIRCRAFT R PACK LIGHTON,2125:56,    վԼZTCINLETϢMEL21-32УMO ޺ TR BITE THE ZTC HAVE A INLET MESSAGE REFER TO MEL21-32RELEASED NOT M ITEM HAVE O ITEM TAPE THE INOP CARD FLB00029474BԼZTCϢ    AF BITEZTC NO MESSAGE REPLACE R ASSY INLET ACTUATOR TEST OK,860,67600014-1              ,67600014-1369   ,HONEYWELL,7225,13838.58,2125:56,860,ACTUATOR-RAM AIR                                            ,7064762,00029472
73N,73N05655,6995    ,DE    ,CC    ,67600014-1              ,67600014-4997   ,21    ,X,X,FAIL  ,2015-10-27,00:00,0,00:00,0,2019-02-16,10554:43,4607,10554:43,4607,ԼZTC2SRADA EXIT Ϣ.   MONITOR RIGHT COMPONENT TO BITE ZTC2 SRADA EXIT MESSAGE,10554:43,"       վѹڵϵͳڷλ,ڵϵͳλ, AMM21-00-001901  DD201906340  MEL21-05   ˸TR REMOVE THE RAM AIR INLET CONTROL SYSTEM THE FLIGHT OPEN POSITIONAND THE OUTLET CONTROL SYSTEM FROM THE FLIGHT OPEN POSITION REFERFLB00042423B ԼZTCϢ, 鹩,  AMM21-51-27 ѹ,. ر DD201906340  ΰDO A ZTC TEST HAS NOT MESSAGE CHECK SUPPLY POWER IS NORMAL REFER TOAMM21-51-27 REPLACE ACTUATOR TEST OK",4607,67600014-1              ,67600014-10553  ,,890,1740.53,, ,ACTUATOR-RAM AIR                                            ,7128135,00029580
73N,73N05695,7198    ,DE    ,CC    ,67600014-1              ,67600014-5598   ,21    , , ,SCH   ,2018-02-06,6819:00,2920,00:00,0,2018-04-04,7320:23,3135,501:23,215,,501:23,  ѹ.ɽ. ʷAF REPLACED THE RH CONDITION RAIN AIR EXOUST ACTUOTOR RETURE THE OLDACTUATOR,215,67600014-1              ,67600014-5066   ,,4665,9779.11,, ,ACTUATOR-RAM AIR                                            ,6014144,00031295
73N,73N05695,7198    ,DE    ,CC    ,67600014-1              ,67600014-1246   ,21    ,X,X,FAIL  ,2018-01-16,6622:57,2836,00:00,0,2018-02-06,6819:00,2920,196:03,84,FROM FLB 00015216B,196:03,"    AMM21-51-27 ѹ,ر  DD201804099     άAF REFER TO AMM21-51-27 REPLACE RIGHT RAM AIR EXHAUST ACTUATORCLOSE DD201804099 TETS IS NORMAL",84,67600014-1              ,67600014-5598   ,,215,501.23,, ,ACTUATOR-RAM AIR                                            ,5811822,00031627
73N,73N05655,6995    ,DE    ,CC    ,67600014-1              ,67600014-7350   ,21    ,X,X,FAIL  ,2018-04-11,7801:29,3481,2773:55,1393,2018-06-15,8279:56,3689,3252:22,1601,RIGHT PACK ELLUM DURING MC RECALL  ,478:27,      MEL21-01-01-01.  DNHIN ACCORDANCE WITH MEL 21-01-01-01 OFF.FLB 00032038AMM21-51-21ѹͲԼAF REFER TO AMM21-51-21 REPLACED RAMAIR INLET ACTUATOR TEST NORMALBITE ZTC NORMAL,208,67600014-1              ,67600014-3159   ,HONEYWELL,4567,9070.49,478:27,208,ACTUATOR-RAM AIR                                            ,6264327,00032038
73N,73N05655,6995    ,DE    ,CC    ,67600014-1              ,67600014-4876   ,21    ,X,X,FAIL  ,2015-10-27,00:00,0,00:00,0,2018-04-11,7801:29,3481,7801:29,3481,"RIGHT PACK LIGH COMES ON UNERPECTEDLY DURING MASTER CAUTION RECALL ONGROUND LIGHT STAY OFF AFTER RESET  ʱ,λϨ",7801:29,"      վ.   ZGCTR TEST NORMALFLB00032380B  AMM21-51-21 ѹͲ, زԺͳѹе, , ޹Ϣ.  ⽭AF REFER TO AMM21-51-21 REPLACE RAM AIR INLET ACTUATOR FROM RIGHTPACK COMPLETE RELATED TESTING AND RAM AIR INLET ACTUATOR MECHANICALINSPECTION CHECK NORMAL AND NO FAULT INFORMATION",3481,67600014-1              ,67600014-7350   ,,2021,3980.29,, ,ACTUATOR-RAM AIR                                            ,6039443,00032378
73N,73N04601,1905    ,DE    ,CC    ,67600014-1              ,67600014-521    ,21    ,X,X,FAIL  ,2013-08-28,00:00,0,00:00,0,2016-11-26,10295:22,5345,10295:22,5345,,10295:22,"   FROM FLB00011842B AMM21-61-00ZTCԼ,ԼϢ.AMM21-51-21ѹͲ,Թ.֣AF ACCORDING TO AMM21-61-00 DO ZTC BITE TEST AND TEST OK.ACCORDINGTO AMM21-51-21 REPLACE LEFT RAM AIR INLET ACTUATOR AND TEST OK.",5345,67600014-1              ,67600014-7096   ,,3267,5844.58,, ,ACTUATOR-RAM AIR                                            ,4514614,0011845A
73N,73N05612,7105    ,DE    ,CC    ,67600014-1              ,67600014-4703   ,21    ,X,X,FAIL  ,2015-09-30,00:00,0,00:00,0,2017-09-03,6296:53,3108,6296:53,3108,,6296:53,"    FROM FLB00016077AοAMM21-51-27ѹ޿͡AF REF AMM 21-51-27 TO REPLACE LEFT PACK RAM AIR EXHAUST ACTUATOR,TEST OK.AND CHECK AND FIND THE BEARING WORKING WELL.",3108,67600014-1              ,67600014-961    ,,7268,14067.12,, ,ACTUATOR-RAM AIR                                            ,5296796,0016077B
73N,73N05678,7113    ,DE    ,CC    ,67600014-1              ,67600014-5039   ,21    ,X,X,FAIL  ,2015-11-18,00:00,0,00:00,0,2017-03-13,4462:28,2212,4462:28,2212,,4462:28,"    FROM:FLB0016534BAMM21-51-00ҲѹͲִZTCԼ죬޹ϢŽԴAF REF TO AMM21-51-00 REPLACE R/H RAM AIR EXHAUST ACTUATOR,TEST OK,THEN DO ZTC BITE,DO NOT HAVE FAULT MSG.",2212,67600014-1              ,67600014-752    ,,7467,14348.33,, ,ACTUATOR-RAM AIR                                            ,4804492,0016536B
73N,73N05612,7105    ,DE    ,CC    ,67600014-1              ,67600014-5676   ,21    ,X,X,FAIL  ,2017-10-27,6660:27,3312,1308:15,692,2017-11-03,6682:08,3321,1329:56,701,,21:41,"    FROM:FLB00019128BAMM12-15-21ѹͲװͲDD201732767.½ʢAF REFER TO AMM12-15-21 REPLACE LH RAM AIR INLET DOOR ACTUATOR,AND INSTALL OUTLET DOOR ACTUTOR,CHECK AND TEST OK,REMOVE",9,67600014-1              ,67600014-3867   ,HONEYWELL,3123,6120.41,21:41,9,ACTUATOR-RAM AIR                                            ,5484929,0019131B
73N,73N05612,7105    ,DE    ,CC    ,67600014-1              ,67600014-3867   ,21    ,X,X,FAIL  ,2017-11-03,6682:08,3321,3403:52,1818,2017-11-05,6701:54,3329,3423:38,1826,,19:46,"      FROM:FLB00019134AԼZTCʾSRADA INLETϢοFIM21-62 TASK 851SSM21-51-14P6-4 C1950-D14386ѹֵΪ26.28VAMM21-51-21ѹAMM21-51-02ACAUԹִZTCԼ죬Լͨ޹ϢرDD201733147.֣AF ZTC BITE SHOWS SRADA INLET MESSAGE,ACCORDING TO FIM21-62 TASK 851TO:FLB00019136A",8,67600014-1              ,67600014-7323   ,HONEYWELL,2846,5123.41,19:46,8,ACTUATOR-RAM AIR                                            ,5490815,0019135B
73N,73N04601,1905    ,DE    ,CC    ,67600014-1              ,67600014-7096   ,21    ,X,X,FAIL  ,2018-03-31,14139:53,7436,3844:31,2091,2018-05-17,14441:54,7610,4146:32,2265,,302:01,"    FROM FLB0022715BAMM21-51-21ҲѹͲM2797AF REF TO AMM21-51-21 REPLACE RIGHT RAM AIR INLET ACTUATOR,TEST OK.",174,67600014-1              ,67600014-1246   ,,96,216.12,, ,ACTUATOR-RAM AIR                                            ,6163218,0022717B
73N,73N04601,1905    ,DE    ,CC    ,67600014-1              ,67600014-2966   ,21    , , ,SWAP  ,2018-05-12,14418:59,7596,9223:54,4601,2018-05-17,14441:54,7610,9246:49,4615,,22:55,"  FROM FLB0022715BAMM21-51-27ѹͲAF REF TO AMM21-51-27 REPLACE RAM AIR EXHAUST ACTUATOR,TEST OK.",14,67600014-1              ,67600014-9736   ,HONEYWELL,1561,2847.15,22:55,14,ACTUATOR-RAM AIR                                            ,6163265,0022718A
73N,73N04601,1905    ,DE    ,CC    ,67600014-1              ,67600014-1246   ,21    , , ,SWAP  ,2018-05-17,14441:54,7610,196:03,84,2018-05-18,14451:55,7616,206:04,90,,10:01,"   ΪжϹϣѹB-1435ѹԴFOR TROUBLE SHOOTING EXCHANGE THE RAM AIR INLET ACTUATOR OF B-1905RIGHT PACK WITH B-1435 RIGHT PACK ,TEST OK.",6,67600014-1              ,67600014-3147   ,HONEYWELL,6335,10062.31,10:01,6,ACTUATOR-RAM AIR                                            ,6167833,0022730B
73N,73N04601,1905    ,DE    ,CC    ,67600014-1              ,67600014-3147   ,21    , , ,SWAP  ,2018-05-18,14451:55,7616,7873:05,5090,2018-05-19,14458:06,7620,7879:16,5094,"ѹɸλԼгڳѹϢ캣RIGHT PACK LIGHT COME ON INFLIGHT,CAN BE RESET BY PUSH MASTERCAUTION.BITE HAVE RAM AIR EXIT ACTUATOR.",06:11,"                                AMM21-51-21ҲѹͲB-1435ҲѹͲԴжΪѹϣںϡMEL21-05ɻУִMѹڵϵͳڷпλFLIGHT              캣 죺ΰTO FLB0022732BFLB00022732BFROM FLB0022732AOPEN),ڵϵͳڿλOPENѹϵͳƣʹñĳѹڵϵͳ,ţ˨BACB30UU3P36D,ñBACN1OJD3,MS24665-105,ʹB-1350ɻѹڵϵͳģC21009-1,DD201820181캣  죺ΰTO FLB0022733AFLB00022733AFROM FLB0022732BתDD201820293캣  죺ΰAF REF AMM21-51-21 EXCHANGE THE RAM AIR INLET ACTUATOR OF B-1905RIGHT PACK WITH B-1435 RIGHT PACK.HAVE JUDGEMENT THE RAM AIR INLETACTUATOR FAIL.DUE TO LS,REF MEL21-05 RESERVETO FLB0022733BFLB00022733BFROM FLB0022733ADO ""5 FLY AWAY KIT THE ARM AIR INLETTO FLB0022734AFLB00022734AFROM FLB00022733BMODULATING SYSTEM LOCKING EQUIPMENT SCREW:BACB30UU3P36D,NUT:BACN10JD3,PIN:MS24665-105,AND B-1350 FLY AWAY KTT THE RAM AIREXIT MODULATING SYSTEM LOCKING EQUIPMENT SRADA LINK ASSEMBLY:C21009-1,TURN DD201820181 TO DD201820293.??????  ??Ds???   ?u?[d   ?L?L?c????????s???N???L??d      ?s  ??D??  ݄d   ??D??D?c??֭???D??ح?L?L?c?????? ?cs  ?N???ȳ?s???s?j?d   ?   ?   ??Ds??   ?u?[d   ?L?L?c?ǲE?? s ",4,67600014-1              ,67600014-1246   ,,96,216.12,, ,ACTUATOR-RAM AIR                                            ,6170449,0022732A
73N,73N04601,1905    ,DE    ,CC    ,67600014-1              ,67600014-1246   ,21    ,X,X,FAIL  ,2018-05-19,14458:06,7620,206:04,90,2018-05-20,14468:14,7626,216:12,96,,10:08,"    FROM FLB0022732AAMM21-51-21-000-801ҲѹMرDD201820293. 죺ҶAF REF AMM21-51-21-000-801 REPLACED R RAM AIR INLET ACTURATOR,TEST NORMAL,REMOVE M ITEM,CLOSE DD201820293.",6,67600014-1              ,67600014-7734   ,HONEYWELL,2746,5130.42,20:09,12,ACTUATOR-RAM AIR                                            ,6173009,0022736B
73N,73N05678,7113    ,DE    ,CC    ,67600014-1              ,67600014-5066   ,21    ,X,X,FAIL  ,2015-11-18,00:00,0,00:00,0,2018-01-02,6833:19,3413,6833:19,3413,"ݹվ̫ԭվԼZTC1SRADA INLET Ϣ־FOC TR L/H PARK LIGHT APPEAR,TYN TR ZTC1 SELF TEST SRADA INLETMESSAGE CAME ON.",6833:19,"      ݺ鱨ִZTC1/2ԼSRADA INLETϢҽͬAMM21-51-22鷢п裬УAMM21-51-21ִZTC1/2Լ־FOC AF THE CREW REPORT NORMAL, C/OUT ZTC 1/2 SELF TEST SPADA INLETMESSAGE.TO[FLB00024247B]PN:213A3150-3 (CO)",3413,67600014-1              ,67600014-4801   ,,5146,10107.1,, ,ACTUATOR-RAM AIR                                            ,5683630,0024247A
73N,73N05809,7395    ,DE    ,CC    ,67600014-1              ,67600014-5914   ,21    ,X,X,FAIL  ,2016-02-27,00:00,0,00:00,0,2018-04-06,5642:38,2937,5642:38,2937,,5642:38,"          FROM[FLB0031240A]FIM21-61PFTCԼ죬21-51406 SRADA EXITϡοAMM21-51-27ѹпͣEXIT ACTUATORFAULTѹ±AF REF TO FIM21-61 COMPLETED PFTC BITE TEST,HAVE 21-51406 SRADA EXITFAULT,REF AMM21-51-27 ACTIVATETO[FLB0031241B]FL0031241BFROM[FLB0031241A]R/H PACK RAM AIR EXHAUST ACTUATOR,TEST AUTATOR INOP,EXIT ACTUATORFAULT LIGHT ON,REPLACE R/H PACK RAM AIR EXHAUST ACTUATOR,TEST OK.",2937,67600014-1              ,67600014-961    ,,7268,14067.12,, ,ACTUATOR-RAM AIR                                            ,6020463,0031241A
73N,73N04601,1905    ,DE    ,CC    ,67600014-1              ,67600014-516    ,21    ,X,X,FAIL  ,2013-08-28,00:00,0,00:00,0,2018-03-28,14134:23,7433,14134:23,7433,,14134:23,"           FROM[FLB0031764B]AMM21-61-00ZTCԼ죬Լȡҿյ¶Ϊ22 棬οFIM21-62T801޹ϵҶԴZTC12,ٴִԼ,AMM21-51-27Ҳѹ½ʢAF REF TO AMM21-61-00 COMPLETE ZTC BITE TEST,TEST OK,READ THE RIGHTA/C PACK TEMP IS 22 ,REF TOTO[FLB00031767B]FROM[FLB0031766A]FIM21-62T801 CHECK THE ACTUATOR IS NO FAULT LIGHT ON,EXCHANGE ZTC1WITH ZTC2,EXCUTE THE ZTC BITE AGAIN,TEST OK,AND THEN REF TOAMM21-51-27 REPLACE RH RAM AIR EXHAUST ACTUATOR,TEST OK.",7433,67600014-1              ,67600014-3867   ,,3123,6120.41,, ,ACTUATOR-RAM AIR                                            ,5990161,0031766A
73N,73N04601,1905    ,DE    ,CC    ,67600014-1              ,67600014-503    ,21    , , ,SWAP  ,2013-08-28,00:00,0,00:00,0,2018-03-31,14139:53,7436,14139:53,7436,,14139:53,"   FROM[FLB00031764B]AMM21-51-21ҳѹͲAF REF TO AMM21-51-21 REPALCED RIGHT AND LEFT FAN AIR INLETACTUATOR BY EACH OTHER,TEST OK.",7436,67600014-1              ,67600014-7096   ,,3267,5844.58,, ,ACTUATOR-RAM AIR                                            ,6001004,0031928A
73N,73N04601,1905    ,DE    ,CC    ,67600014-1              ,67600014-3867   ,21    ,X,X,FAIL  ,2018-03-28,14134:23,7433,3423:38,1826,2018-04-05,14163:10,7450,3452:25,1843,,28:47,"          FROM FLB00031933BM˨BACB30UU3P36Dĸ(BACN10JD3)MS24665-105װİָMAMM21-51-27ҲѹرDD201813418.캣죺޺鴻PUT M ITEM EQUIPMENT SCREW(PN:BACB30UU3P36D),NUT(PN:BACN10JD3)TO FLB00031943AFROM FLB00031942BPIN(PN:MS24665-105)IN BAG-TOOL,RECOVER M ITEM,REF AMM21-51-27,REPLACE RIGHT RAM AIR EXHAUST ACTUATOR,TEST OK,CLOSE DD201813418.캣 죺޺鴻",17,67600014-1              ,67600014-5676   ,HONEYWELL,847,1585.45,28:47,17,ACTUATOR-RAM AIR                                            ,6017072,0031942B
73N,73N04601,1905    ,DE    ,CC    ,67600014-1              ,67600014-5676   ,21    ,X,X,FAIL  ,2018-04-05,14163:10,7450,1329:56,701,2018-05-12,14418:59,7596,1585:45,847,,255:49,"     FROM FLB0035061BAMM21-51-21ɳѹDD201819102ָMҶ򻥼죺AF REFER TO AMM21-51-21 REPLACED R/H PACK RAM EXIT ACTURTOR,TEST OK,CLOSE DD201819102,RETURN M ITEM,CHECK NORMAL.",146,67600014-1              ,67600014-2966   ,HONEYWELL,5482,10906.12,255:49,146,ACTUATOR-RAM AIR                                            ,6146847,0035065B
73N,73N06779,1351    ,DE    ,CC    ,67600014-1              ,67600014-9720   ,21    ,X,X,FAIL  ,2018-01-17,00:00,0,00:00,0,2018-07-09,1111:09,608,1111:09,608,,1111:09,"    FLB0036445AAMM21-51-21ѹͲָMDD201827673½ʢAF REF TO AMM21-51-21 REPLACE RH PACK RAM AIR INLET ACTUATORCHECK OK AND RECOVER M ITEM,REMOVE DD201827673.",608,67600014-1              ,67600014-3864   ,,5730,11106.39,, ,ACTUATOR-RAM AIR                                            ,6345156,0036449A
73N,73N06779,1351    ,DE    ,CC    ,67600014-1              ,67600014-2966   ,21    ,X,X,FAIL  ,2018-05-17,765:21,395,9246:49,4615,2018-07-11,1130:28,618,9837:91,4945,,591:42,"           ҲѹϵͳMFIM21-62 TASK 801ִPFTC1/2 Լ죬ɣҲѹǰ/ϱINLETACTUATOR FAULTAMM21-51-21Ҳѹǰ/رDD201828113.ΰAF REACTUATED R/H RAM AIR SYS,TO FLB0039812BFROM FLB0039812AAS PER FOM21-62 TASK 801,COMPLETED PFTC1/2 BITE,FAULTREMAINED,R/H RAM AIR INLET/EXIT ACTUATOR SHOW INLETACTUATOR FAULT LIGHT ILLUMINATED AS PER AMM21-51-21REPLACED R/H RAM AIR INLET AND EXIT ACTUATOR,TEST OKCLOSED DD201828113.",330,67600014-1              ,67600014-7240   ,HONEYWELL,2217,4059.28,614:37,344,ACTUATOR-RAM AIR                                            ,6352130,0039812A
73N,73N06779,1351    ,DE    ,CC    ,67600014-1              ,67600014-3864   ,21    ,X,X,FAIL  ,2018-07-09,1111:09,608,9479:30,5010,2018-07-11,1130:28,618,9498:49,5020,,19:19,"           ҲѹϵͳMFIM21-62 TASK 801ִPFTC1/2 Լ죬ɣҲѹǰ/ϱINLETACTUATOR FAULTAMM21-51-21Ҳѹǰ/رDD201828113.ΰAF REACTUATED R/H RAM AIR SYS,TO FLB0039812BFROM FLB0039812AAS PER FOM21-62 TASK 801,COMPLETED PFTC1/2 BITE,FAULTREMAINED,R/H RAM AIR INLET/EXIT ACTUATOR SHOW INLETACTUATOR FAULT LIGHT ILLUMINATED AS PER AMM21-51-21REPLACED R/H RAM AIR INLET AND EXIT ACTUATOR,TEST OKCLOSED DD201828113.",10,67600014-1              ,67600014-5184   ,HONEYWELL,5163,8070.38,19:19,10,ACTUATOR-RAM AIR                                            ,6352130,0039812A
73N,73N05809,7395    ,DE    ,CC    ,67600014-1              ,67600014-4606   ,21    ,X,X,FAIL  ,2018-12-28,7790:14,4127,11823:33,5010,2019-01-16,7970:17,4205,12003:36,5088,,180:03,"           FROM[FLB00042716A]ָMFIM21-62 TASK 801ԼPFTC1/2Ͳ޿ͣҳѹʱһ£ѹǰ/ָʾAMM21-51-27ѹͲرDD201902057  죺ҶAF RECOVER M ACTION,REF FIM21-62 TASK 801 BITE PFTC1/2 OK,THE ACT NOBINDINGTO[FLB00042718A]FROM[FLB00042717B]THE LEFT AND RIGHT RAM AIR DOOR ACTING TIME AGREE,LEFT RAM AIR FWD/AFT ACT ITSELF FAULT LIGHT INDICATE NORMAL,REF AMM21-51-27 REPLACERAM AIR EXHAUST ACT,TEST OK,CLOSE DD201902057.    죺Ҷ",78,67600014-1              ,67600014-2791   ,HONEYWELL,6249,12530.15,180:03,78,ACTUATOR-RAM AIR                                            ,7017789,0042717B
73N,73N05809,7395    ,DE    ,CC    ,67600014-1              ,67600014-5905   ,21    ,X,X,FAIL  ,2016-02-27,00:00,0,00:00,0,2018-12-28,7790:14,4127,7790:14,4127,𶯺PACKλ𣬺MELãFL250PACK ON L/H L/T ON AFTER STARTING ENG RECALLIMPLEMENT MEL CARDOPERATIONALFL250.FLB00045007APACKλ𣬺MELãFL250.PACK ON THE L/H L/T ON AFTER STARTING ENGINE RECALLIMPLEMENT MELAND OPERATE FLC250.,7790:14,"               MEL21-32УȷϵͳO֪顣HET 1*1HFLB00045007AFROM[FLB00045006B]ѯʻɣFIM21-62 TASK 801ԼPFTC1/2,PFTC121-51406ϢǰѹСEXIT ACTUATOR FAULTϢAMM21-51-27ѹͲԼ 2*2HASK CREW ABOUT THE SUBSEQUENT FAILURE AS BEFORE,REF FIM21-62 TASK801.TO[FLB00045007B]FROM[FLB00045007A]PFTC1/2 BITE,PFTC1 HAVE 21-51406 MESSAGE.RAM AIR EXIT ACTUATOR AND RAM AIR INLET ACTUATOR HAVE EXITACTUATOR FAULTMESSAGE.REF AMM21-51-27 REPLACED RAM AIR EXIT ACTUATOR,TEST AND CHECKNORMAL. ",4127,67600014-1              ,67600014-4606   ,,5088,12003.36,, ,ACTUATOR-RAM AIR                                            ,6950482,0045006B
73N,73N05132,1733    ,DE    ,CC    ,67600014-1              ,67600014-2669   ,21    ,X,X,FAIL  ,2014-10-10,00:00,0,00:00,0,2015-12-14,3537:49,1758,3537:49,1758,ɹpackλϨʱpack,3537:49,     վԼZTC1#EXITϢϣTR BITE ZTC1# have EXIT mesage clean fault tets ok    DLCFLB:10623857AMM21-51-27ѹAF refer to AMM21-51-27 repalce the RAM-air exhanst actuator andtest ok  ,1758,67600014-1              ,67600014-909    ,,5831,11475.4,, ,ACTUATOR-RAM AIR                                            ,3644757,10623855
73N,73N04584,5797    ,DE    ,CC    ,67600014-1              ,67600014-1979   ,21    , , ,SCH   ,2014-08-06,3234:28,1611,00:00,0,2014-09-27,3726:40,1848,492:12,237,,492:12,"   AMM21-51-21ѹ,MCO-2014-09-24-26.AF REFER AMM21-51-21, REPLACE THE RAMAIR TNLET ACTNATOR OF L PACKACCOMPLISH THE MCO-2014-09-24-26.",237,67600014-1              ,67600014-2723   ,,6710,13276.56,, ,ACTUATOR-RAM AIR                                            ,2824961,10628878
73N,73N04601,1905    ,DE    ,CC    ,67600014-1              ,67600014-522    ,21    ,X,X,FAIL  ,2013-08-28,00:00,0,00:00,0,2014-09-04,2892:22,1435,2892:22,1435,FROM FLB10634008A,2892:22,    DD201420651AMM21-51-27ѹDD201420651ɽAF accomplished DD201420651 refer AMM21-51-27 replaced theLH RAM AID LXHAOST actuatortest is normalremovethe DD201420651,1435,67600014-1              ,67600014-2700   ,,7341,13631.26,, ,ACTUATOR-RAM AIR                                            ,2786087,10634011
73N,73N04651,5852    ,DE    ,CC    ,67600014-1              ,67600014-760    ,21    ,X,X,FAIL  ,2013-10-03,00:00,0,00:00,0,2014-07-03,2335:28,1268,2335:28,1268,Ҳ ٵʧЧ,2335:28,"       ZTC2  SRADA EXIT ϵ,ϴ,AMM21-51-27,ZTC2 ޹Ϣ TAG:4047419AF do the ZTC2 test the fault light srada exit on fourandclean the pack 2 nofer AMM21-51-27 repalce the remair exhaust actuator do the ZTC2 test no fault message the actuator work is okȨǿ",1268,67600014-1              ,67600014-809    ,,6072,13684.13,, ,ACTUATOR-RAM AIR                                            ,2669140,10742788
73N,73N04584,5797    ,DE    ,CC    ,67600014-1              ,67600014-303    ,21    ,X,X,FAIL  ,2013-08-21,00:00,0,00:00,0,2014-08-06,3234:28,1611,3234:28,1611,ZTCACTϢ. ԺAF BITE L ZTC have ACT faucet message.,3234:28,"  AMM21-51-21ACT,Թ,ԼZTCϢ.AF refer to AMM21-51-21 replaced the L ACT  test ok,BITEL ZTC was not fault message.",1611,67600014-1              ,67600014-1979   ,,237,492.12,, ,ACTUATOR-RAM AIR                                            ,2732655,10756379
73N,73N04678,5853    ,DE    ,CC    ,67600014-1              ,67600014-1658   ,21    ,X,X,FAIL  ,2014-08-19,2658:52,1282,00:00,0,2014-09-09,2857:36,1389,198:44,107,,198:44,   AMM21-51-21MCO-2014-09-09-40ѹͲ..ڹAF refer to AMM21-51-21 accomplished MCO-2014-09-09-40 replaced RHpack ram air inlet actuator test is ok.,107,67600014-1              ,67600014-2697   ,,6719,13797.26,, ,ACTUATOR-RAM AIR                                            ,2794187,10759466
73N,73N04678,5853    ,DE    ,CC    ,67600014-1              ,67600014-884    ,21    ,X,X,FAIL  ,2014-08-16,2625:23,1267,00:00,0,2014-08-28,2751:44,1326,126:21,59,FROM FLB10811222B,126:21,"   DD201419260,AMM21-51-27,,رDD201419260.AF accomplish DD201419260,refer to AMM21-51-27 replace right unitexit acuator,and test is ok,close DD201419260",59,67600014-1              ,67600014-2711   ,,6782,13903.18,, ,ACTUATOR-RAM AIR                                            ,2773278,10774554
73N,73N04760,1927    ,DE    ,CC    ,67600014-1              ,67600014-1307   ,21    ,X,X,FAIL  ,2014-01-10,00:00,0,00:00,0,2014-07-16,1651:55,863,1651:55,863,յ.A/C DOES NOT WORK,1651:55,   AMM21-51-00ѹ  ɿյ 3C .AF REFER TO AMM21-51-00 REPLACE L PACK RAM AIR DOOR ACTUATOR TESTOK DO MEASURE A/C TEMPERATURE OUTLEAT 3C WEEL,863,67600014-1              ,6760014-2456    ,,6749,13232.12,, ,ACTUATOR-RAM AIR                                            ,2692653,10788879
73N,73N04678,5853    ,DE    ,CC    ,67600014-1              ,67600014-856    ,21    ,X,X,FAIL  ,2013-10-27,00:00,0,00:00,0,2014-08-19,2658:52,1282,2658:52,1282,"PACKλ,鵥 ",2658:52,"    վԼINLET EXITϢ,ɸλ,MEL21-01-01-01 TR testinlet exit message no reset ref to MEL21-01-01-01 dispatch ¸FL10811226 AMM21-51-21ѹ, AFreplace RH pack ram air inlet door actuator and test ok Ȼ67600014-1/67600014-856  67600014-1/67600014-1658",1282,67600014-1              ,67600014-1658   ,,107,198.44,, ,ACTUATOR-RAM AIR                                            ,2755788,10811224
73N,73N04716,5855    ,DE    ,CC    ,67600014-1              ,67600014-1008   ,21    ,X,X,FAIL  ,2013-11-27,00:00,0,00:00,0,2014-08-05,2222:06,1141,2222:06,1141,FROM   FLB10809859A,2222:06,"   AMM21-51-21ҿյѹ,,رDD201417761     AF refer to AMM21-51-21 replace the RH A/C ACT test ok closeDD201417761   P/N  67600014-1  S/N ON  67600014-760",1141,67600014-1              ,67600014-760    ,,7396,16106.31,, ,ACTUATOR-RAM AIR                                            ,2728427,10814319
73N,73N04651,5852    ,DE    ,CC    ,67600014-1              ,67600014-738    ,21    ,X,X,FAIL  ,2013-10-03,00:00,0,00:00,0,2014-10-10,3251:20,1729,3251:20,1729,",ʱ˫After ENG both pack lamp light when recomeӱ",3251:20,"         MEL21-05вMRefer to MEL21-05 dispatch finish M itemӱFLB10849483B:AFѯʻʹ,BITE TEST ZTC޹Ϣ,Mָ,ѹͲ,(REF AMM21-51,21-000-81)ԼZTCϢAF bite test L/H ZTC is ok replace R.H RAM air inlet actuatorbite test ZTC is ok",1729,67600014-1              ,67600014-856    ,,8060,15743.49,, ,ACTUATOR-RAM AIR                                            ,2846540,10849481
73N,73N05359,1798    ,DE    ,CC    ,67600014-1              ,67600014-3978   ,21    ,X,X,FAIL  ,2015-04-07,00:00,0,00:00,0,2015-06-13,267:11,138,267:11,138,FROM    FLB10867676B,267:11,"  ԼZTC޹Ϣ,AMM21-31-00ACT,.AF bite the ZTC no message refer to AMM21-51-00 replace the rightpack ACT test ok    ",138,67600014-1              ,67600014-738    ,,7954,15301.09,, ,ACTUATOR-RAM AIR                                            ,3279650,10868679
73N,73N05132,1733    ,DE    ,CC    ,67600014-1              ,67600014-522    ,21    ,X,X,FAIL  ,2016-07-12,5369:00,2702,3312:12,1658,2016-08-03,5584:50,2801,3528:02,1757,FROM FLB 10914335B,215:50,   ԼZTCSRADA EXITϢ AMM21-51-27ѹڳͲ ԼZTCϢ.͸AF BIFE ZTC have SRADA EXIT message refer to AMM21-51-27 repalceleft pack ram air exchange actuator test ok BIFE ZTC no fault,99,67600014-1              ,67600014-2966   ,HONEYWELL,5482,10906.12,215:50,99,ACTUATOR-RAM AIR                                            ,4220112,10914336
73N,73N05175,1729    ,DE    ,CC    ,67600014-1              ,67600014-2693   ,21    ,X,X,FAIL  ,2014-11-09,00:00,0,00:00,0,2015-09-11,2530:24,1246,2530:24,1246,공PACK. λϨ     ,2530:24,"   MEL21-32,M.      CTUFLB10919486B      Լ޹Ϣ,AMM21-11-00ACT,.     AF bite no message refer AMM21-11-00 replace left ACT test ok",1246,67600014-1              ,67600014-2758   ,,5237,10502.21,, ,ACTUATOR-RAM AIR                                            ,3446242,10919486
73N,73N05132,1733    ,DE    ,CC    ,67600014-1              ,67600014-2729   ,21    ,X,X,FAIL  ,2014-10-10,00:00,0,00:00,0,2016-03-16,4369:57,2172,4369:57,2172,ԼZTC1INLETϢ.ϲAF do the BOTE of ZTC1 have INLET message.,4369:57,"   FIN21-62Ź,AMM21-51-21SRADA,ɵڲ,ԼZTC޹Ϣ.ϲAF refer to FIN21-62 trouble shooing,refer AMM21-51-21 replace theACT of SRADA in LEFT pank,do test ok,do BITE of ZTCS no message.",2172,67600014-1              ,67600014-2693   ,,5692,11183.46,, ,ACTUATOR-RAM AIR                                            ,3876615,10953486
73N,73N04678,5853    ,DE    ,CC    ,67600014-1              ,67600014-909    ,21    ,X,X,FAIL  ,2013-10-27,00:00,0,00:00,0,2015-09-03,5897:40,2901,5897:40,2901,"ZTC1""T""Ϣ.СZTC1 have "" message..      ",5897:40," AMM21-51-21ACT,.СPer AMM21-51-21 replaced the ATC of LH pack.,TEST IS OK.",2901,67600014-1              ,67600014-1307   ,,5531,11159.02,, ,ACTUATOR-RAM AIR                                            ,3431540,10955253
73N,73N05076,1997    ,DE    ,CC    ,67600014-1              ,67600014-2081   ,21    ,X,X,FAIL  ,2014-08-29,00:00,0,00:00,0,2016-08-14,5854:54,3101,5854:54,3101,",ɸλ.οR PACK LIGHT RECALL LIGHT CAN RESET",5854:54,"   ԼSRADA EXITϢ,οAMM21-51-27ҳѹ,,ʱ䰮תյԼ.οAF TEST SRADA EXIT MESSAGE REFER TO AMM21-51-27 REPLACE THE R RAMAIREXHAUST ACTUATOR TEST OK OPERATION AIR CONDITION TIRES BITE OK",3101,67600014-1              ,67600014-1217   ,,62,109.26,, ,ACTUATOR-RAM AIR                                            ,4247505,10969966
73N,73N05308,1795    ,DE    ,CC    ,67600014-1              ,67600014-3867   ,21    ,X,X,FAIL  ,2016-07-02,3914:38,1971,3303:28,1769,2016-07-06,3954:04,1991,3342:54,1789,FL10972221A,39:26,"   AMM21-51ѹų,,رDD201617799AF replace the left ram air EXIT actuator test ok close DD201617799TAG 6007535",20,67600014-1              ,67600014-961    ,HONEYWELL,7268,14067.12,39:26,20,ACTUATOR-RAM AIR                                            ,4150573,10972226
73N,73N05331,1796    ,DE    ,CC    ,67600014-1              ,67600014-3867   ,21    ,X,X,FAIL  ,2015-03-09,00:00,0,00:00,0,2016-04-26,3303:28,1769,3303:28,1769,,3303:28,   MCO-2016-04-25-20AMM21-51-27ѹ()accomplished MCO replace the ram air exhaust actuator test ok,1769,67600014-1              ,67600014-2669   ,,6463,11993.55,, ,ACTUATOR-RAM AIR                                            ,3977441,10977488
73N,73N04651,5852    ,DE    ,CC    ,67600014-1              ,67600014-809    ,21    , , ,SCH   ,2014-07-03,2335:28,1268,00:00,0,2016-03-07,7591:29,3943,5256:01,2675,FLB11013028B,5256:01,"     ԼZTC2SRADA EXITϵοSLD14386D14394ͷ쳣AMMSRADA ,TAG:522619AF rite on the ZFT2 find the SRADA fault cole this message can'tbe cleared check the plug D14394 and D14386 is ok. refer toAMM21-51-27 replace the right pack ram air exhaust actuator test",2675,67600014-1              ,67600014-522    ,,5302,10414.37,, ,ACTUATOR-RAM AIR                                            ,3855015,11013040
73N,73N04716,5855    ,DE    ,CC    ,67600014-1              ,67600014-760    ,21    ,X,X,FAIL  ,2014-08-05,2222:06,1141,2335:28,1268,2016-01-10,6697:07,3292,6810:29,3419,"վӳPACK, ɸλ, ACTϢ.  TR THE CREW REPART THE L RACA LIGHT ON BITE ZTC HAS ACT MESSAGE ITCOULD BE RESEL",4475:01,"     ԼZTCϢ,  AMM21-61-20 ACT, ԼZTCйϢ, ޷, ҶԴZTCȷΪZTC2, ΪϺ6995ɻԴZTC2 .   AF BITE THE ZTC NO MESSAGE REFER AMM21-61-20 REPLACE THE ACT BITEZTC HAS FAULT MESSAGE BOLD NOT BERESET CHANGE WITH ZTC 1 AND 2 MAKESURE THE ZTC 2 FAULT FOR FLIGHT CHANGE ZTC WITH 6995",2151,67600014-1              ,67600014-303    ,HONEYWELL,6501,12630.02,4475:01,2151,ACTUATOR-RAM AIR                                            ,3708825,11032151
73N,73N04716,5855    ,DE    ,CC    ,67600014-1              ,67600014-961    ,21    ,X,X,FAIL  ,2013-11-27,00:00,0,00:00,0,2016-05-04,7682:26,3765,7682:26,3765,"ʱ,λ",7682:26,"    ZTC2ԼɳѹϢ,AMM21-51-27ѹ,,AF accomplished a ram air exhaust actuator message after bite ZTC2replace the actuator and test okԽ",3765,67600014-1              ,67600014-809    ,,6072,13684.13,, ,ACTUATOR-RAM AIR                                            ,3996854,11049044
73N,73N06166,1545    ,DE    ,CC    ,67600014-1              ,67600014-3867   ,21    ,X,X,FAIL  ,2017-01-29,582:38,310,3393:53,1813,2017-01-30,592:37,315,3403:52,1818,FROM FLB 11052715B,09:59,     FIM21-62ѹͲPFTCԼ AMM21-51-27Ҳѹ ԲPFTLPFTLԴ.AF reefer to FIM21-62 Check for normal stamping export actuatingcylinder PFTC self-inspection is normal and refer to AMM21-51-27Replace the right side of the stamping export actuator tests and willbe left PFTL and right PFTL to test normal.,5,67600014-1              ,67600014-7097   ,HONEYWELL,3157,6111.15,09:59,5,ACTUATOR-RAM AIR                                            ,4687468,11052717
73N,73N04716,5855    ,DE    ,CC    ,67600014-1              ,67600014-879    ,21    ,X,X,FAIL  ,2016-05-09,7723:46,3783,2612:44,1260,2016-06-01,7933:15,3887,2822:13,1364,,209:29,"   MCO-2016-06-01-105,AMM21-51-27Ͳ,.зAF accomplished MCO-2016-06-01-105 refer to AMM21-51-27 replace rightpack Ram air exhaust actuator,test ok.",104,67600014-1              ,67600014-1187   ,HONEYWELL,8136,15613.38,209:29,104,ACTUATOR-RAM AIR                                            ,4064444,11067083
73N,73N04651,5852    ,DE    ,CC    ,67600014-1              ,67600014-749    ,21    ,X,X,FAIL  ,2013-10-03,00:00,0,00:00,0,2016-04-15,7938:36,4128,7938:36,4128,"гPACK,ض,Ź ZUH",7938:36,"            AMM21-00 Ref AMM21-00 test pack normal ZUHFLBT11067194bAMM21-61-21TCV,ϴ,ZTC1ZTC2 ԼϢ,ĿӼ©, Refer to AMM21-61-21 replaceleft pack tcv and reverse flush l pack bite ztc 1 and zec2 no messagecheck valve no leakage l pack work normal  FLB110637197AZTCԷѹſ,AMM21-51ACT,, AF accomplshed ztc BTFE find the lfet act door more notsmooting refe r to AMM21-51 replace the lfet pack act test ok ϹFLB11067197B ʻ¶ָʾAMM21-61ʻ¿, AF refer to AMM21-61 replace the cabintemperature indicator and temperature control nodule test ok Ϲ 
OFF:162BL903/14121092  ON:162BL903/09044704	",4128,67600014-1              ,67600014-3978   ,,4668,8912.55,, ,ACTUATOR-RAM AIR                                            ,3949639,11067194
73N,73N04651,5852    ,DE    ,CC    ,67600014-1              ,67600014-522    ,21    ,X,X,FAIL  ,2016-03-07,7591:29,3943,2892:22,1435,2016-04-23,8011:19,4166,3312:12,1658,"˫,ʱPACK,λϨ,MEL21-32ִOл",419:50,"            MEL21-32,ػشTAOFLB11067219AڹվAMM21-62-00ZTC1ZTC2Լ,,޹ϢHaikou TR refer to AMM21-62-00 accomplished ZTC1 and ZTC2 bite testtest the result is okFLB11067220AZTCԼARADA EXITϢ,FIM21-62TASK854Ź,R/H RAM AIREXIT ACTUATOR,ZTC1&ZTC2ԼϢ,ʱPACK,ϵͳAF ZTC2 bite has message SRADA EXIT,refer to FIM21-62 TASK854 totroubleshooting replace RH ram air exit actuator ZTC1&2 bite ok",223,67600014-1              ,67600014-1008   ,HONEYWELL,5633,10795.07,419:50,223,ACTUATOR-RAM AIR                                            ,3968725,11067218
73N,73N04716,5855    ,DE    ,CC    ,67600014-1              ,67600014-809    ,21    ,X,X,CAN   ,2016-05-04,7682:26,3765,5256:01,2675,2016-05-09,7723:46,3783,5297:21,2693,FLB11049050A,41:20,   MCO-2016-05-07-62ָMѹAMM21-51-27رDD201611604   ԴAF accomplsihed MCO-2016-05-07-62 repalced it ok޲ 67600014-1 67600014-879,18,67600014-1              ,67600014-879    ,HONEYWELL,5079,10111.41,41:20,18,ACTUATOR-RAM AIR                                            ,4009303,11076598
73N,73N04760,1927    ,DE    ,CC    ,67600014-1              ,6760014-2456    ,21    ,X,X,FAIL  ,2014-07-16,1651:55,863,00:00,0,2016-06-02,7536:25,3884,5884:30,3021,FROM FLB 11074636B,5884:30,   DD201613679AMM21-51-21ѹͳѹDD.AF accomplish DD201613679 refer to AMM21-51-21 replaced L/H pack ranair incer and ran air outlet actuator test ok and close the DD,3021,67600014-1              ,67600014-4596   ,,424,830.18,, ,ACTUATOR-RAM AIR                                            ,4066515,11081557
73N,73N05175,1729    ,DE    ,CC    ,67600014-1              ,67600014-884    ,21    , , ,SCH   ,2016-05-22,4719:23,2260,126:21,59,2016-08-11,5412:11,2668,819:09,467,RAM AIR EXHAUST ACTUATOR .  RH PACK RAM AIR EXHAUST ACTUATOR BORROW OPEN ALSO,692:48,"  AMM21-51-27 ѹͲ, .  AF REFER TO AMM21-51-27 REPLACE RAM AIR EXHAUST ACTUATOR TEST IS OK",408,67600014-1              ,67600014-1596   ,,7314,14189.23,, ,ACTUATOR-RAM AIR                                            ,4240498,11094817
73N,73N04760,1927    ,DE    ,CC    ,67600014-1              ,67600014-4596   ,21    ,X,X,FAIL  ,2016-06-02,7536:25,3884,00:00,0,2016-09-07,8366:43,4308,830:18,424,,830:18,"   MCO-2016-09-06-96AMM21-51-27ѹ  AF finished MCO-2016-09-06-96refer AMM21-51-27 replacedthe left pack of RAM AIR EXHAUST ACTUCTOR,test is ok",424,67600014-1              ,67600014-879    ,,5079,10111.41,, ,ACTUATOR-RAM AIR                                            ,4310297,11102322
73N,73N05132,1733    ,DE    ,CC    ,67600014-1              ,67600014-909    ,21    ,X,X,FAIL  ,2015-12-14,3537:49,1758,5897:40,2901,2016-07-12,5369:00,2702,7728:51,3845, packѹpack𡣻,1831:11,"      վMEL21-32УMʢTR refer to MEL21-32 dispatch the aircraftno M itemFLB:11103076MCO-2016-07-13-2ֲ21-51-27ѹųͲAF accomplished MCO-2016-07-13-2,refer AMM21-51-27 replace ram airexhaust actuatortest is ok",944,67600014-1              ,67600014-522    ,HONEYWELL,5302,10414.37,1831:11,944,ACTUATOR-RAM AIR                                            ,4164384,11103074
73N,73N05076,1997    ,DE    ,CC    ,67600014-1              ,67600014-3867   ,21    ,X,X,FAIL  ,2016-10-24,6354:26,3369,3342:54,1789,2016-10-30,6405:25,3393,3393:53,1813,FROM FLB11106085B,50:59,"   DD201629667AMM21-51-27ѹָͨ״̬رDD201629667 AF ACCOMPLISH DD201629667, REFER TO AMM21-51-27 REPLACE LH RAM AIREXHAUST ACTUATOR, TEST PASS AND BACK TO NORMAL CONDITION",24,67600014-1              ,67600014-3790   ,HONEYWELL,5440,10762.37,50:59,24,ACTUATOR-RAM AIR                                            ,4445063,11106099
73N,73N04760,1927    ,DE    ,CC    ,67600014-1              ,67600014-909    ,21    ,X,X,FAIL  ,2017-06-24,10813:01,5551,7728:51,3845,2017-09-29,11636:51,5984,8552:41,4278,,823:50,"   AMM21-51-27ѹͲ,.رDD201728229.AF refer AMM21-51-27 replace the ram air exit actuator,test ok.close the DD201728229.",433,67600014-1              ,67600014-2807   ,HONEYWELL,4971,10079.45,823:50,433,ACTUATOR-RAM AIR                                            ,5377928,11112181
73N,73N05076,1997    ,DE    ,CC    ,67600014-1              ,67600014-2233   ,21    ,X,X,FAIL  ,2014-08-29,00:00,0,00:00,0,2016-10-24,6354:26,3369,6354:26,3369,,6354:26,    FORM FL11114629AԼZTC1EXITϢAMM21-51-27յѹͲ  ԬƽAF DO THE BITE ETC1 HACE EXIT MESSAGE REF TO AMM21-51-27REPALCE THE LH RAM AIR EXHANST ACTUATOR TEST OK,3369,67600014-1              ,67600014-3867   ,,3123,6120.41,, ,ACTUATOR-RAM AIR                                            ,4428416,11114629
73N,73N06280,7377    ,DE    ,CC    ,67600014-1              ,67600014-7323   ,21    ,X,X,FAIL  ,2017-02-04,00:00,0,00:00,0,2017-08-08,1358:12,738,1358:12,738,FROM:FLB11118592B,1358:12,"    DD201721587,ѹͲ,AMM21-51-27رDD201721587AF accomplished DD201721587,replace the right pack ran air exhaustactuator ref AMM21-51-27 test is ok closed DD201721587Ҷ",738,67600014-1              ,67600014-8679   ,,3120,5783.37,, ,ACTUATOR-RAM AIR                                            ,5216353,11118608
73N,73N05958,7886    ,DE    ,CC    ,67600014-1              ,67600014-5676   ,21    ,X,X,FAIL  ,2016-06-08,00:00,0,00:00,0,2016-10-31,1072:18,563,1072:18,563,FLB 11159143A,1072:18, AMM21-51-21ͲرձDD201630002 AF refer AMM21-51-21 replace the actuatortest is OKclose the,563,67600014-1              ,67600014-522    ,,5302,10414.37,, ,ACTUATOR-RAM AIR                                            ,4447544,11159148
73N,73N05167,1725    ,DE    ,CC    ,67600014-1              ,67600014-2807   ,21    ,X,X,FAIL  ,2014-10-30,00:00,0,00:00,0,2017-02-20,6901:32,3456,6901:32,3456,"ʱ,,λźƵ.",6901:32,"   ZTCԼSRADA EXIT Ϣ,FIM21-62TASK854ŹʸҲѹ,..AF BITE ZTC HAVE RADA EXIT MES,REF TO FIM21-62 TASK854 REPLACEDACTUATOR ,TEST OK",3456,67600014-1              ,67600014-7098   ,,2980,6209.28,, ,ACTUATOR-RAM AIR                                            ,4747081,11176382
73N,73N04760,1927    ,DE    ,CC    ,67600014-1              ,67600014-1157   ,21    ,X,X,FAIL  ,2014-01-10,00:00,0,00:00,0,2017-06-23,10810:28,5549,10810:28,5549,FL11017365B,10810:28,"   AMM21-51-27ɳѹ,,رDD201717148AF refer to AMM21-51-27 accomplish replace the RAM Air exhaustactuator,test ok,close DD201717148ΰ",5549,67600014-1              ,67600014-3155   ,,4033,7975.3,, ,ACTUATOR-RAM AIR                                            ,5078605,11192122
73N,73N04760,1927    ,DE    ,CC    ,67600014-1              ,67600014-3155   ,21    ,X,X,FAIL  ,2017-06-23,10810:28,5549,5129:07,2599,2017-06-24,10813:01,5551,5131:40,2601,߼յFack AEB,02:33,"       MEL25-32,յ Refer to MEL25-32 accomlish right packtest ok AEB FL11192124Aվ,ԼZTCexitϢ,MEL21-05ѹ,ϵͳλ TR BITE ZTC2 find message exit release refer toMEL21-05 inoperative Ram air modulating system  FL11192124BAMM21-51-27ѹͲ,,ԼATCϢָM״̬ AF refer to AMM21-51-27 replace the RAM AIR exportsactuator, the result is ok,the ZTC is no message Ҷ",2,67600014-1              ,67600014-909    ,HONEYWELL,5831,11475.4,02:33,2,ACTUATOR-RAM AIR                                            ,5081007,11192123
73N,73N04838,1929    ,DE    ,CC    ,67600014-1              ,67600014-1177   ,21    ,X,X,FAIL  ,2014-03-11,00:00,0,00:00,0,2017-03-04,9053:03,4791,9053:03,4791,,9053:03,"   DD201706048AMM21-51-27ѹͳѹ,.з AF accomplished DD201706048 refer toAMM21-51-27 replace RAM air in cut and cut actuator test ok. 
PN:BACJ40AC44-6",4791,67600014-1              ,67600014-5676   ,,847,1585.45,, ,ACTUATOR-RAM AIR                                            ,4779504,11195098
73N,73N04838,1929    ,DE    ,CC    ,67600014-1              ,67600014-5676   ,21    ,X,X,FAIL  ,2017-03-04,9053:03,4791,1072:18,563,2017-03-06,9065:05,4796,1084:20,568,ǰƳԼZTC1INLETϢ. PF wher push hach theA/C the lpack right is on BITE ZTC1 find the lnlet message,12:02,"      ǰMEL21-25,M,ʯ PF refer to MEL21-25 dispoth theA/C accomplisheed the M item job FLB11195105A FIM21-62TASK851 Ź,ȷΪڳѹAMM21-51-21ѹZTC ָѹɲ. AF refer to FIM21-62TASK 851 troubleshooting,cinfiwm theinlet romain actuator is fault re fat wo AMM21-51-21 REPLACE THE LEFTran airline actuator good left ZTC the M job test ok",5,67600014-1              ,67600014-2233   ,HONEYWELL,6412,12131.03,12:02,5,ACTUATOR-RAM AIR                                            ,4784939,11195105
73N,73N05076,1997    ,DE    ,CC    ,67600014-1              ,67600014-3790   ,21    ,X,X,FAIL  ,2016-10-30,6405:25,3393,3856:00,1942,2017-05-16,8145:40,4255,5596:15,2804,The left pack off,1740:15,"        Ϊѹϵͳ,MEL21-05,M,ѹLeft part stamping assy fault ,refer to MEL21-05 dispatch,accomplishM item,paste no work placardFL11216660AAMM21-51-27ѹͲ,,ɼװ,βAF refer to AMM21-51-27 replace the LH stamping actuator,the faultwas still,put the old part back,many times test to okΰ",862,67600014-1              ,67600014-3867   ,HONEYWELL,3123,6120.41,1740:15,862,ACTUATOR-RAM AIR                                            ,4970218,11216659
73N,73N05076,1997    ,DE    ,CC    ,67600014-1              ,67600014-3867   ,21    , , ,SCH   ,2017-05-16,8145:40,4255,3403:52,1818,2017-05-16,8145:40,4255,3403:52,1818,The left pack off,00:00,"        Ϊѹϵͳ,MEL21-05,M,ѹLeft part stamping assy fault ,refer to MEL21-05 dispatch,accomplishM item,paste no work placardFL11216660AAMM21-51-27ѹͲ,,ɼװ,βAF refer to AMM21-51-27 replace the LH stamping actuator,the faultwas still,put the old part back,many times test to okΰ",0,67600014-1              ,67600014-3790   ,HONEYWELL,5440,10762.37,00:00,0,ACTUATOR-RAM AIR                                            ,4970218,11216659
73N,73N05076,1997    ,DE    ,CC    ,67600014-1              ,67600014-1929   ,21    ,X,X,FAIL  ,2014-08-29,00:00,0,00:00,0,2017-05-18,8164:14,4266,8164:14,4266, ½THE LEFT PACK LIGHT ON,8164:14,"     AMM21-00-00ԼZTC1ZTC2Ϣ,FIM21-62 TASK853Ź,,AMM21-51-21,ѹ,ԽֲҪ ½AF REFER TO AMM21-00-00 BITE ZTC1 AND ZTC2 NO FAULT MESSAGE REFER TOFIM21-62 TASK853 TROUBLESHOOTING IS OK, REFER TO AMM21-51-21 REPLACEDTHE ACT, TEST OK",4266,67600014-1              ,67600014-7240   ,,2217,4059.28,, ,ACTUATOR-RAM AIR                                            ,4976272,11222038
73N,73N04584,5797    ,DE    ,CC    ,67600014-1              ,67600014-416    ,21    ,X,X,FAIL  ,2013-08-21,00:00,0,00:00,0,2017-10-13,13081:25,6479,13081:25,6479,ѲʱR PACK鵥ãС,13081:25,"         AMM21-61-00-700-806-002 ԼZTC2INLETTCVϵAMMAMM21-51-10TCV ԼZTC2 tcvϵʧINLETϵAMM21-51-21-000-801³ѹͲ Ǳ AF REFAMM21-61-00-700-806-002 ZTCBITE TEST INLET AND TCVFANLT LIGHT REFAMM21-51-10 REPLACED R/H PACK TCV ZTC PITE TEST,TCV FALUT LIGHTDISAPPEAR,INLET FAULT LIGHT APPEAR REF AMM21-51-21-000-801 REMOVEDRAM AIR INLET ACTUATOR FLB1122250BAMM21-51-21ѹͲ  AF REFERAMM21-51-21 REPLACED THE TIGHT RAN AIR LNLET ACTAALER TEST IS NORMAL.־ΰ",6479,67600014-1              ,67600014-7614   ,,2735,5334.05,, ,ACTUATOR-RAM AIR                                            ,5425552,11222247
73N,73N05308,1795    ,DE    ,CC    ,67600014-1              ,67600014-961    ,21    ,X,X,FAIL  ,2016-07-06,3954:04,1991,7682:26,3765,2017-06-09,6840:11,3569,10568:33,5343,,2886:07,"   AMM21-51-27MCO-2017-06-08-228ѹ, AF refer to AMM21-51-27 accomplish MCO-2017-06-08-28 exchange theleft ram air exhaust actuator test it ok",1578,67600014-1              ,67600014-5039   ,HONEYWELL,4775,9358.25,2886:07,1578,ACTUATOR-RAM AIR                                            ,5040690,11226138
73N,73N04678,5853    ,DE    ,CC    ,67600014-1              ,67600014-5676   ,21    ,X,X,FAIL  ,2017-07-31,11994:08,5888,1084:20,568,2017-08-27,12218:03,6012,1308:15,692,FROM FLB11230003B,223:55,"    AMM21-51-21 ѹ, M, .ر DD201724300  AF REFER TO AMM21-51-21 REPLACE LEFT PACK SMART RAM AIR DOOR ACTUATORTEST OK RETURN TO M ITEM CLOSE DD201724300",124,67600014-1              ,67600014-1157   ,HONEYWELL,7645,15247.27,223:55,124,ACTUATOR-RAM AIR                                            ,5273458,11230008
73N,73N06280,7377    ,DE    ,CC    ,67600014-1              ,67600014-7614   ,21    ,X,X,FAIL  ,2017-02-04,00:00,0,00:00,0,2017-07-28,1279:50,683,1279:50,683,ͨ  ,1279:50,"    վMEL21-32   XIYTR refer to MEL21-32 disaptchFL112385282BAMM21-51-21ҳѹͲ, ﶫAF refer to AMM21-51-21 repalced right ran air inlet actuator testit ok",683,67600014-1              ,67600014-8501   ,,2437,4503.47,, ,ACTUATOR-RAM AIR                                            ,5183985,11238581
73N,73N06210,1549    ,DE    ,CC    ,67600014-1              ,67600014-7350   ,21    ,X,X,FAIL  ,2016-12-12,00:00,0,00:00,0,2017-11-08,2773:55,1393,2773:55,1393,ʱ'PACK'. LEFT PACK RECALL THE'PACK' LIGHT ILLUMINATE.,2773:55,"       ԼPFTC21-51406Ϣ,MEL21-32.BITE LEFT PFTC HAS 21-51406MESSAGE,MEL21-32 DISPATCH.  FROM FLB11245597AFIM21-62 TASK879Ź,ȷѹ,AMM21-51-27ѹ,. AF REFER TOFIM21-62 TASK879 TROUBLE SHOOTING,VERIFY THE LEFT AFT,EXHAUST EXIT,RAM AIR ACTUATOR IS FAULT,REF TO AMM21-51-27 REPLACED THE ACTUATORAND TEST IT.  ",1393,67600014-1              ,67600014-1929   ,,5740,10918.34,, ,ACTUATOR-RAM AIR                                            ,5501764,11245596
73N,73N05538,6063    ,DE    ,CC    ,67600014-1              ,67600014-4433   ,21    ,X,X,FAIL  ,2015-08-06,00:00,0,00:00,0,2017-06-30,4671:19,2358,4671:19,2358,"վpack,ѹɸλTR LH pack light on.push master caution can resetMIG",4671:19,"         ZTC1ԼSRADA EXITϢ,λֹ,ͣʱ,MEL21-32ZRC bite has SRARA EXIT message,can rest  due to SG ref to MEL21-32 dispatchMIGFL11251960AMM21-51-27ѹ,ref to AMM21-51-27 replace ram air exhaust actuator and test okTAG 7001873",2358,67600014-1              ,67600014-5220   ,,4492,8755.11,, ,ACTUATOR-RAM AIR                                            ,5103148,11251956
73N,73N04678,5853    ,DE    ,CC    ,67600014-1              ,67600014-1307   ,21    ,X,X,FAIL  ,2015-09-03,5897:40,2901,1651:55,863,2017-07-17,11878:44,5825,7632:59,3787,FROM FLB11298835A,5981:04,"    AMM21-51-000-801 ѹڲͲ, .ر DD201719850 .  ʢAF REFER TO AMM21-51-000-801 REPLACE L PACK REMAIR INLET ACTUATORTEST OK CLOSE DD201719850",2924,67600014-1              ,67600014-1929   ,HONEYWELL,5740,10918.34,5981:04,2924,ACTUATOR-RAM AIR                                            ,5149777,11268839
73N,73N04678,5853    ,DE    ,CC    ,67600014-1              ,67600014-880    ,21    ,X,X,FAIL  ,2013-10-27,00:00,0,00:00,0,2017-08-10,12077:35,5932,12077:35,5932,FROM FLB11294682B,12077:35,"   MAMM21-51-27ѹ,ZTCԼ,ԼϢ,,رDD201721715.AF REFER TO AMM21-51-27 REPLACE THE RAM AIR EXHAUST ACTUTOR AND ZTCBITE NO MESSAGE TEST IS OK,CLSOE THE DD201721715.",5932,67600014-1              ,67600014-8661   ,,8108,16655.02,, ,ACTUATOR-RAM AIR                                            ,5221538,11282492
73N,73N04678,5853    ,DE    ,CC    ,67600014-1              ,67600014-1929   ,21    ,X,X,FAIL  ,2017-07-17,11878:44,5825,8164:14,4266,2017-07-31,11994:08,5888,8279:38,4329,,115:24,"    FROM FL11294674AAMM21-51-21ѹAF REFER TO AMM21-51-21 REPLACED LEFT RAM OUR INLET TEST IT OK,TAG:6019199",63,67600014-1              ,67600014-5676   ,HONEYWELL,847,1585.45,115:24,63,ACTUATOR-RAM AIR                                            ,5193234,11294675
73N,73N05132,1733    ,DE    ,CC    ,67600014-1              ,67600014-2966   ,21    ,X,X,FAIL  ,2016-08-03,5584:50,2801,4629:15,2216,2018-02-17,10179:29,5186,9223:54,4601,FLB.11336114A,4594:39,"      AMM21-00-00/901ָMʹѹͳڵָAMM21-51-27ѹ,,DD201806799.AF refer to the AMM21-00-00/901 make the Ram Air inlet modulatingsystem abd Ram Air Exit modulating system reactivation,refer toAMM21-51-27 replace the Ram Air exhaust actuatorFLB11336117B test is OK,close the DD201806799",2385,67600014-1              ,67600014-3155   ,HONEYWELL,4033,7975.3,4594:39,2385,ACTUATOR-RAM AIR                                            ,5851489,11336117
73N,73N05076,1997    ,DE    ,CC    ,67600014-1              ,67600014-7240   ,21    ,X,X,FAIL  ,2017-05-18,8164:14,4266,582:38,310,2017-12-07,9773:07,5143,2191:31,1187,FLB11349995B,1608:53,  AMM21-51-21ѹ رDD201737379  ǩ/TAG 7023316AF refer AMM21-51-21 replaced L ram air actuator test ok close,877,67600014-1              ,67600014-1307   ,HONEYWELL,5531,11159.02,1608:53,877,ACTUATOR-RAM AIR                                            ,5597268,11349999
73N,73N05489,6061    ,DE    ,CC    ,67600014-1              ,67600014-3159   ,21    ,X,X,FAIL  ,2015-07-15,00:00,0,00:00,0,2018-02-28,6944:53,3707,6944:53,3707,.ԼZTC1ACTϢ.the left pack light on test ZTC1 have ACT message,6944:53,  AMM21-51-21.ѹͲ..AF refer to AMM21-51-21 repalce the left pack raon air inlet actuatortest it ok,3707,67600014-1              ,67600014-4703   ,,4513,9072.38,, ,ACTUATOR-RAM AIR                                            ,5891463,11359849
73N,73N05331,1796    ,DE    ,CC    ,67600014-1              ,67600014-3864   ,21    ,X,X,FAIL  ,2015-03-09,00:00,0,00:00,0,2018-05-08,9479:30,5010,9479:30,5010,"ɺʧЧ,鰴鵥.",9479:30,    վMEL21-01-01-01УñơԶTR refer MEL21-01-01-01 dispatch tag the INOP placard on the R/H packFLB:11387615BAMM21-51-21Ҳѹ쳿AF refer to AMM21-51-21 replace R/H rainair actuate test OK,5010,67600014-1              ,67600014-304    ,,8074,15615.31,, ,ACTUATOR-RAM AIR                                            ,6133521,11387615
73N,73N04584,5797    ,DE    ,CC    ,67600014-1              ,67600014-304    ,21    ,X,X,FAIL  ,2013-08-21,00:00,0,00:00,0,2017-11-16,13335:27,6610,13335:27,6610,FLB11105403A,13335:27,"   οֲAMM21-51-27ѹ,,DD201733806.   AF refer AMM21-51-27 replace ram air exhaust actuator test OK,removed DD201733806",6610,67600014-1              ,67600014-4433   ,,3798,7456.51,, ,ACTUATOR-RAM AIR                                            ,5529867,11391024
73N,73N04760,1927    ,DE    ,CC    ,67600014-1              ,67600014-2807   ,21    ,X,X,FAIL  ,2017-09-29,11636:51,5984,6901:32,3456,2018-06-05,13637:48,6988,8902:29,4460,,2000:57,    FROM FLB11498655BǰAMM21-51-27ѹͲرDD201822459PF refer to AMM21-51-27 replace R/H ram air door exit actuatortestit okclose DD201822459TAG:0031721   ս,1004,67600014-1              ,67600014-5914   ,HONEYWELL,3972,7661.01,2000:57,1004,ACTUATOR-RAM AIR                                            ,6229715,11396306
73N,73N06288,6103    ,DE    ,CC    ,67600014-1              ,67600014-7734   ,21    ,X,X,FAIL  ,2017-02-14,00:00,0,00:00,0,2018-03-14,3075:08,1596,3075:08,1596,FROM FLB11410916B,3075:08,"   AMM21-51-21ѹ,ԼϢ,ָ״̬(M),رDD201809322.AF REF TO AMM21-51-21 REPLACED RAM AIR ACUTAOTR OF LH PACK BITENORMAL AND BACK M ACTION ,CLOSE DD201809322",1596,67600014-1              ,67600014-909    ,,5831,11475.4,, ,ACTUATOR-RAM AIR                                            ,5941411,11410933
73N,73N05155,1726    ,DE    ,CC    ,67600014-1              ,67600014-2879   ,21    ,X,X,FAIL  ,2014-10-21,00:00,0,00:00,0,2019-02-13,11848:13,5784,11848:13,5784,FLB11418715A,11848:13," վAMM21-51-21ѹ,.ƸTR refer to AMM21-51-21 replace ram ACT LH test OK.",5784,67600014-1              ,67600014-1929   ,,5740,10918.34,, ,ACTUATOR-RAM AIR                                            ,7120614,11418720
73N,73N05633,6808    ,DE    ,CC    ,67600014-1              ,67600014-5033   ,21    ,X,X,FAIL  ,2015-10-14,00:00,0,00:00,0,2018-04-29,7243:06,3652,7243:06,3652,FROM FLB 11419459A,7243:06,  AMM21-51-21 ڳѹԼZTC2Ϣ  AF REFER TO AMM21-51-21 REPLACE THE RIGHT PACK INLETRAM AIR DOOR ACTUATOR TEST IT OK. TEST THE ZTC2 NO FAULT MESSAGE.,3652,67600014-1              ,67600014-416    ,,7413,14974.28,, ,ACTUATOR-RAM AIR                                            ,6101920,11419194
73N,73N05194,1728    ,DE    ,CC    ,67600014-1              ,67600014-2993   ,21    ,X,X,FAIL  ,2014-11-23,00:00,0,00:00,0,2018-03-17,10068:15,5132,10068:15,5132,"ǰʱӳ,ԼZTC1SRADA INLETϢ.the L pack light on PF bite the ZTC1 has SRADA INLET message",10068:15,"   ԼZTC1ZTC2޹Ϣ,AMM21-51-21ѹ,ZTC޹Ϣ.AF bite the ZTC1 and ZTC2 is no fault message refer to AMM21-51-21replace the ram air inlet actuator of L pack test OK and ZTC no",5132,67600014-1              ,67600014-5150   ,,4002,8828.52,, ,ACTUATOR-RAM AIR                                            ,5952528,11454865
73N,73N05509,6060    ,DE    ,CC    ,67600014-1              ,67600014-3265   ,21    ,X, ,FAIL  ,2015-07-17,00:00,0,00:00,0,2018-06-17,9140:50,4520,9140:50,4520,,9140:50,  AMM21-51-21ѹͲ   պAF REPLACED THE RIGHT RAM AIR ANLET ACTUATOR REFER TO AMM21-51-21TEST OK,4520,67600014-1              ,67600014-4876   ,,4534,9905.54,, ,ACTUATOR-RAM AIR                                            ,6270584,11466536
73N,73N05243,1785    ,DE    ,CC    ,67600014-1              ,67600014-5203   ,21    ,X,X,FAIL  ,2018-11-19,11565:56,5883,10406:28,4320,2018-11-23,11590:36,5898,10431:08,4335,վӳʱԼZTC2гѹ,24:40,"     վ21-+51-21,,һNGBFLB:11471376BAMM21-51-21ѹ,,޹ϢTAG:0014095      AF REF TO AMM21-51-21 REPALCE THE RUN AIR INLETACTUATOR OF RH PACK TEST IS OK   Թ⻪   ATG:0014095",15,67600014-1              ,67600014-6415   ,HONEYWELL,3405,7419.34,126:25,58,ACTUATOR-RAM AIR                                            ,6827063,11471375
73N,73N04584,5797    ,DE    ,CC    ,67600014-1              ,67600014-4433   ,21    ,X,X,FAIL  ,2017-11-16,13335:27,6610,4671:19,2358,2018-06-23,15121:14,7606,6457:06,3354,FROM FLB1147112B,1785:47,       AMM21-00-001901 ָMAMM21-51-27 ѹ  زԽ  AMM21-61-20 ZTC1 5798 ɻԴ ɲԽ رDD201825162AF REFER TO AMM21-00-001901 REGAIN M ITEMFROM FLB11477277BREFER TO AMM21-51-27 REPLACE LEFT PACK RAM AIR EXHAUST ACTUATOR TESTREFER TO AMM21-61-20 CHANGE ZTC1 TO 5798 ZTC1 AND TEST NORMAL CLOSE DD201825162 ,996,67600014-1              ,67600014-516    ,HONEYWELL,7453,14175.01,1785:47,996,ACTUATOR-RAM AIR                                            ,6292627,11477277
73N,73N04584,5797    ,DE    ,CC    ,67600014-1              ,67600014-2723   ,21    , , ,SWAP  ,2014-09-27,3726:40,1848,00:00,0,2018-06-26,15146:09,7618,11419:29,5770,,11419:29,"     Ϊų,ѹͲB1799 ɻԴ,ԼϢ,For  troubleshooting the aircraft recall left pack fault  exchangethe left pack ran air actuator with the 1799 do a bite testno fault messageг",5770,67600014-1              ,67600014-4396   ,,5431,10784.23,, ,ACTUATOR-RAM AIR                                            ,6301544,11477287
73N,73N04794,1928    ,DE    ,CC    ,67600014-1              ,67600014-1369   ,21    ,X,X,FAIL  ,2014-02-04,00:00,0,00:00,0,2018-07-06,13593:33,7127,13593:33,7127,FROM FLB 11477469A,13593:33,    AMM21-51-21 ͲAMM21-61-20 ZTC1ԼϢ. AF REFER TO AMM21-51-21 REPLACE EXT ACT OF L PACK REFER TOAMM21-61-20 REPLACE ZTC1BITE NO MESSAGE.,7127,67600014-1              ,67600014-1177   ,,5723,10819.24,, ,ACTUATOR-RAM AIR                                            ,6336064,11477471
73N,73N05489,6061    ,DE    ,CC    ,67600014-1              ,67600014-3185   ,21    ,X,X,FAIL  ,2015-07-15,00:00,0,00:00,0,2018-08-25,8411:09,4433,8411:09,4433,,8411:09,"    AMM21-51-27ѹͲ,ɹ,Խ,DD201834219.Ī׿AF refer to AMM21-51-27 replace the ranair exhaust actuator ofright pack accomplish function test and the result normal rescinddeferred item DD201834219",4433,67600014-1              ,67600014-3265   ,,5262,10589,, ,ACTUATOR-RAM AIR                                            ,6514269,11492772
73N,73N05436,1502    ,DE    ,CC    ,67600014-1              ,67600014-4252   ,21    ,X,X,FAIL  ,2015-05-21,00:00,0,00:00,0,2018-07-13,9252:45,4922,9252:45,4922,ITASTER CAUTION RECACC ONLY R-PACK LIGHT ILLUMINATE,9252:45,     ִеյԣյXMNAPPLY A/C test test ok A/C NML USEFLB:11495321AAMM21-51-27ѹͲάAF refer AMM21-51-27 replace the right packing ram air exhaustactuator test it ok,4922,67600014-1              ,67600014-2993   ,,6064,11954.01,, ,ACTUATOR-RAM AIR                                            ,6362413,11495320
73N,73N04584,5797    ,DE    ,CC    ,67600014-1              ,67600014-516    ,21    ,X,X,CAN   ,2018-06-23,15121:14,7606,14134:23,7433,2018-06-30,15161:52,7626,14175:01,7453,վHGH,40:38,"     ZTC1ԼSDARS EXITϢ,MEL21-01-01-01HGHFLB:11505216BAMM21-51-27ѹ,AF REF AMM21-51-27 REPLACE RAM AIR EXHAUSE ACTUATOR TETS OK",20,67600014-1              ,67600014-5039   ,HONEYWELL,4775,9358.25,40:38,20,ACTUATOR-RAM AIR                                            ,6314591,11505215
73N,73N05981,7619    ,DE    ,CC    ,67600014-1              ,67600014-6263   ,21    ,X,X,FAIL  ,2016-06-25,00:00,0,00:00,0,2018-07-14,6063:22,3338,6063:22,3338,.ӼLEFT PACK FAULT IS THE FLIGHT,6063:22,"     ԼPFTCPACK FLOW SENSORϢ,AMM21-51-43-00-801,AMM21-51-21-00-801ѹ,,ԼPFTC޹Ϣ.ӼAF BITE PFTC HAVE PACK FLOW SENSOR MESSAGE REFER TO AMM21-51-43-000-801 REPLACE LEFT PACK FLOW REFER TO AMM21-51-000-801 REPLACE RAMARACTUATOR TEST OK BITE PFTC NO MESSAGE",3338,67600014-1              ,67600014-7096   ,,3267,5844.58,, ,ACTUATOR-RAM AIR                                            ,6363562,11505574
73N,73N06049,7618    ,DE    ,CC    ,67600014-1              ,67600014-6795   ,21    , , ,SWAP  ,2016-08-14,00:00,0,00:00,0,2018-08-04,5741:54,2993,5741:54,2993,"÷֮,ͨʧЧ.",5741:54,"   AMM21-51-21ԴͲ,ָM,DD201831457,.ԶAF refer to AMM21-51-21 exchand the left pack air in let-acrautor tothe right return M item remove DD201831457, test ok.",2993,67600014-1              ,67600014-6695   ,,3814,7290.04,, ,ACTUATOR-RAM AIR                                            ,6439983,11519879
73N,73N06462,7400    ,DE    ,CC    ,67600014-1              ,67600014-8364   ,21    ,X,X,FAIL  ,2017-06-20,00:00,0,00:00,0,2019-01-01,4446:51,2461,4446:51,2461,FL11522272B,4446:51,"   AMM21-00-00-440-802ָMAMM21-51-21ѹ,رDD201853173 AF refer AMM21-00-00-440-802restore M itemrefer AMM25-51-21 replace R/H packmain airactuatortest it passed close DD201853173 ½",2461,67600014-1              ,67600014-5410   ,,4674,8312.48,, ,ACTUATOR-RAM AIR                                            ,6964475,11522279
73N,73N06210,1549    ,DE    ,CC    ,67600014-1              ,67600014-1929   ,21    ,X,X,FAIL  ,2017-11-08,2773:55,1393,8279:38,4329,2018-09-07,5293:32,2756,10799:15,5692,,2519:37,     FROM FLB11530956AAMM21-51-27ѹָMDD201836891AF refer to AMM21-51-27 replace left rain air exhaust actuatorrecovery the left pack M itemtest okmove DD201836891С,1363,67600014-1              ,67600014-7875   ,HONEYWELL,727,1271.18,2519:37,1363,ACTUATOR-RAM AIR                                            ,6561914,11530959
73N,73N05167,1725    ,DE    ,CC    ,67600014-1              ,67600014-2791   ,21    ,X,X,FAIL  ,2014-10-30,00:00,0,00:00,0,2018-11-06,12182:10,6017,12182:10,6017,վյPACK  CTUTR CHECK PIR CONLIOL PACK IS LIGHTING,12182:10,      վAMEL21-32  MOѸ֪  ܽTR REFER TO MEL21-32 DISPATCH NO M O TASK TELL TO CREWFROM FLB11533191BԼZTCнڿϢAMM21-51-21ѹ  ԼZTCϢ  AF BITE ZTC HAS ACT MSG REFER TO AMM21-51-21 REPLACED RAM AIR INLETACTUATOR OF RIGHT PACK TEST OK BITE ZTC NO TAULTMSG,6017,67600014-1              ,67600014-1369   ,,7225,13838.58,, ,ACTUATOR-RAM AIR                                            ,6768844,11533191
73N,73N05167,1725    ,DE    ,CC    ,67600014-1              ,67600014-1369   ,21    ,X,X,FAIL  ,2018-11-06,12182:10,6017,13593:33,7127,2018-11-07,12190:01,6021,13601:24,7131,ԼнϢ֣The R pack light on selftecd it have ram air inlet ActuatorMessage.,07:51,  AMM21-31-21֣AF REF AMM21-31-21 replace the R RAIN AIR limlet actuatorCheck ok.,4,67600014-1              ,67600014-5203   ,HONEYWELL,4413,10596.28,07:51,4,ACTUATOR-RAM AIR                                            ,6770830,11533194
73N,73N05167,1725    ,DE    ,CC    ,67600014-1              ,67600014-5203   ,21    , , ,SWAP  ,2018-11-07,12190:01,6021,10304:43,4277,2018-11-19,12291:46,6064,10406:28,4320,,101:45,       AMM21-51-211785ɻԴҲѹͲԼZTCINLETϢMMEL21-05ʧЧҲѹDD201847637MAF refer to AMM21-51-21 for 1785 aircraft exchange right ram airinlet actuatorbite ZTC have inlet informationrefer to MMEL21-05inoperative right ram air modulatingtransition DD201847637accomplished M item job    ܹ,43,67600014-1              ,67600014-3494   ,HONEYWELL,6255,12385.1,101:45,43,ACTUATOR-RAM AIR                                            ,6814311,11533219
73N,73N05155,1726    ,DE    ,CC    ,67600014-1              ,67600014-2874   ,21    ,X,X,FAIL  ,2014-10-21,00:00,0,00:00,0,2018-10-27,10862:35,5372,10862:35,5372,FLB11542914A,10862:35,"   DD201844319AMM21-51-27ѹͲָMرDD201844319       ϳ/DICAF ACCOMPLISHED DD201844319 REFER TO AMM21-51-27 REPLACE THE RAIN AIREXHACST ACTUATOR RESTORATION OF MEL,TEST OK ,CLOSE DD201844319",5372,67600014-1              ,67600014-3185   ,,4893,9516.06,, ,ACTUATOR-RAM AIR                                            ,6732401,11542915
73N,73N05731,7171    ,DE    ,CC    ,67600014-1              ,67600014-5368   ,21    ,X,X,FAIL  ,2016-01-08,00:00,0,00:00,0,2018-11-22,8239:41,4557,8239:41,4557,PACK(L) LIGHT COMES ON FOR RECALL,8239:41,    վMEL21-32 L PACK TR REFER MEL21-32 DISPATCH PASTE THE L PACK COGHT  INOP CARDFLB11547873A AMM21-51-27  ѹز   ±AF REFER TO AMM21-51-27 REPLACE L/H RAM AIR EXHAUST ACTUATOR TEST OK,4557,67600014-1              ,67600014-7350   ,,2021,3980.29,, ,ACTUATOR-RAM AIR                                            ,6828159,11547872
73N,73N05762,7172    ,DE    ,CC    ,67600014-1              ,67600014-5410   ,21    ,X,X,FAIL  ,2016-01-24,00:00,0,00:00,0,2018-10-14,7889:01,4460,7889:01,4460,FLB11566074B,7889:01,   رDD201842458ֲAMM21-51-277    AF REF AMM21-51-27 REPLACE L PACK EXHAUST ACTICATOR TEST NORMALCLOSH DD201842438,4460,67600014-1              ,67600014-2966   ,,5482,10906.12,, ,ACTUATOR-RAM AIR                                            ,6688253,11566080
73N,73N05958,7886    ,DE    ,CC    ,67600014-1              ,67600014-5623   ,21    ,X,X,FAIL  ,2016-06-08,00:00,0,00:00,0,2018-09-09,6588:54,3454,6588:54,3454,,6588:54,     FROM FLB11580429ADD201836626ָMAMM21-51-27ѹAF accomplished DD201836626 remove M refer to AMM21-51-27 replace theRAM air exhaust of L packtest is okΰ   Ф,3454,67600014-1              ,67600014-9720   ,,1262,2481.08,, ,ACTUATOR-RAM AIR                                            ,6568716,11580438
73N,73N04651,5852    ,DE    ,CC    ,67600014-1              ,67600014-856    ,21    ,X,X,FAIL  ,2014-10-10,3251:20,1729,2658:52,1282,2019-01-03,16180:43,8452,15588:15,8005,FLB11582195A,12929:23,   AMM21-51-21 Ҳѹ  MѻָDD201900367  AF REFER AMM21-51-21 REPLACE THE RIGHT RAM AIR INLET ACTUATOR TEST ISNORMALRELATE M ACTION IS RECOVER CLOSE THE DD201900367,6723,67600014-1              ,67600014-6346   ,HONEYWELL,2945,6520.28,12929:23,6723,ACTUATOR-RAM AIR                                            ,6972756,11582199
73N,73N04651,5852    ,DE    ,CC    ,67600014-1              ,67600014-6346   ,21    ,X,X,FAIL  ,2019-01-03,16180:43,8452,6495:42,2933,2019-01-06,16205:29,8464,6520:28,2945,FROM FLB11582206A,24:46,    AMM21-00-00-440-802 ָM AMM21-51-21 ѹ AMM21-61-00 ԼZTC AF REFER TO AMM21-00-00-440-802 RECOVER M ITEM REFER TO AMM21-51-21REPALCE RIGHT RAM AIR INLET ACTUATOR REFER TO AMM21-61-00BITE ITC TEST IS NORMAL  ,12,67600014-1              ,67600014-2874   ,HONEYWELL,5566,11241.26,24:46,12,ACTUATOR-RAM AIR                                            ,6982785,11582207
73N,73N05633,6808    ,DE    ,CC    ,67600014-1              ,67600014-416    ,21    ,X,X,FAIL  ,2018-04-29,7243:06,3652,13081:25,6479,2018-09-13,8336:57,4194,14175:16,7021,,1093:51,       վAMM21-51-21 ҳѹ MCO-2018-09-13-147Բͨ TR REFER AMM21-51-21 REPLACE THE RIGHT RAM AIR INLET ACTUATORFINISH MCO-2018-09-13-147 TEST NOT PASS TAG:0003311FLB11587428B վMEL21-05 M TR REFER TO MEL21-05 FINISH M ITEMFLB1158729A AMM21-51-22 M   AF REFER TO AMM21-51-22 REMOVE THE M AND TEST IS OK,542,67600014-1              ,67600014-6263   ,HONEYWELL,3958,7271.01,1093:51,542,ACTUATOR-RAM AIR                                            ,6583433,11587428
73N,73N06997,1101    ,DE    ,CC    ,67600014-1              ,67600014-10553  ,21    ,X,X,FAIL  ,2018-05-30,00:00,0,00:00,0,2019-01-10,1652:10,854,1652:10,854,,1652:10,"  ԼPFTCǰ޹Ϣ,FIM24-62 TASK878ɳʼ,,AMM21-51-21,,ԼPFTCϢ",854,67600014-1              ,67600014-5368   ,,4726,8593.12,, ,ACTUATOR-RAM AIR                                            ,6995706,11610934
73N,73N05489,6061    ,DE    ,CC    ,67600014-1              ,67600014-4703   ,21    ,X,X,FAIL  ,2018-02-28,6944:53,3707,6296:53,3108,2019-02-08,9720:38,5112,9072:38,4513,ʵʱLEFT PACK TRIP OFF   MONITOR LEFT PACK TRIP OFF,2775:45,   AMM21-61-00PZTC1.2..AMM21-51-21ѹ.  AF REF AMM21-61-00 COMPLETE PZTC1.2 TEST.TEST OK.REF AMM21-51-21REPLACE THE LEFT RAMAIR INLET ACTUATOR.TEST OK,1405,67600014-1              ,67600014-4839   ,HONEYWELL,5937,9169.39,2775:45,1405,ACTUATOR-RAM AIR                                            ,7099191,11639578
73N,73N04596,5798    ,DE    ,CC    ,67600014-1              ,67600014-282    ,21    ,X,X,FAIL  ,2013-08-25,00:00,0,00:00,0,2018-12-23,16541:25,8407,16541:25,8407,ɺ鵥ùرĿĵء ,16541:25,"             վ鷢ZTCԼʱѹŲMEL21-05УMϿѹͷϿѹҡӲ̶װУװ˨flight open λѹڵϵͳ/ TR  check ZTC bite life inter door not active,refer toMEL21-05 dispatch accomplish M item.inter air actuator not work inflight open position and inter air actuator not work position. FROMFLB 11641241A AMM21-00-00ָMAMM21-61-00P/ZTCԼ죬ԼϢ鷢ѹЪԿ裬AMM21-51-21 ѹɲԣԽ  AF ref AMM21-00-00 recover the M FROM FLB 11641241Bprocedure,ref AMM21-61-00 accomplished L/H P/ZTC bite,no faultmessage,check the L/H ram air inlet actuator intermittent work.refAMM21-51-21 replace the LH ram air inlet actuator,accomplishoperational test,test is ok.",8407,67600014-1              ,67600014-6155   ,,2872,6547.23,, ,ACTUATOR-RAM AIR                                            ,6933450,11641238
73N,73N05076,1997    ,DE    ,CC    ,67600014-1              ,67600014-1307   ,21    ,X,X,FAIL  ,2017-12-07,9773:07,5143,7632:59,3787,2019-02-23,13299:10,6887,11159:02,5531,FROM FLB11659970A,3526:03,"      AMM21-00-00 ָM,  AMM21-51-21 ѹͲ,ο FIM21-62TASK851 ɳʼPLZTC1޹Ϣ,رDD201907280  ʯ  ؼ żѻ FLB11644554B AF REFER TO AMM21-00-00RECOVER M ITEM REFER TO AMM21-51-21 REPLACE RAM AIR INLET OUTUATORREFER TO FIM21-62TASK851 ACCOMPLISH INITIAL EVALUATION TEST P/ZTC NOFAULT MESSAGE CLOSED DD201907280",1744,67600014-1              ,67600014-5905   ,HONEYWELL,4131,7803.06,3526:03,1744,ACTUATOR-RAM AIR                                            ,7153249,11644553
73N,73N05194,1728    ,DE    ,CC    ,67600014-1              ,67600014-5150   ,21    ,X,X,FAIL  ,2018-03-17,10068:15,5132,6419:58,2749,2019-02-04,12477:09,6385,8828:52,4002,úPACKλϨ  ,2408:54,   AMM21-51-21ACTͲMCO-2019-02-01-95AF refer to AMM21-51-21 repalced ACT VATOR finished MCO-2019-02-01-95test is ok,1253,67600014-1              ,67600014-5203   ,HONEYWELL,4413,10596.28,2408:54,1253,ACTUATOR-RAM AIR                                            ,7091911,11649221
73N,73N05194,1728    ,DE    ,CC    ,67600014-1              ,67600014-5203   ,21    , , ,SWAP  ,2019-02-04,12477:09,6385,10431:08,4335,2019-02-07,12495:46,6394,10449:45,4344,,18:37,"   FROM:FLB11649223BAMM21-61-00ZTCԼ,,ACT ENGAMM01-51-01ԴACT   AF REFG TO AMM21-61-00 FINISHEWITH ZTC BITE THE RESULT OK    ",9,67600014-1              ,67600014-3475   ,HONEYWELL,6463,12642.29,18:37,9,ACTUATOR-RAM AIR                                            ,7095923,11649226
73N,73N05027,1996    ,DE    ,CC    ,67600014-1              ,67600014-2149   ,21    ,X,X,FAIL  ,2014-07-27,00:00,0,00:00,0,2019-02-10,13782:07,7111,13782:07,7111,"ҿյ,ɸλ   TNA R AIR CONDITION WODULE LAMPREAPPEAR BRIGHT CAN BE RESET",13782:07,"   MEL21-32   TNA  REFER TO MEL21-32 DISPATCH FLB11658025BԼZTC޹Ϣ AMM21-51-21Ҳ Ͳ, AF BITE ZTC HAVE NO FAULT MESSAGE REFER TO AMM21-51-21 REPLACERH INLET ACTUATOR TEST OK",7111,67600014-1              ,67600014-856    ,,8060,15743.49,, ,ACTUATOR-RAM AIR                                            ,7106946,11658023
73N,73N05693,6809    ,DE    ,CC    ,67600014-1              ,67600014-5220   ,21    ,X,X,FAIL  ,2015-11-23,00:00,0,00:00,0,2017-03-03,4028:21,2080,4028:21,2080,,4028:21,"   ڳѹ,ǰڱִM,Ѳ,ϻָM,תDD201706111  MOAF REPLACE THE RIGHT PACK LETINT AIR ACTUATOR MAKE DD201706111(ܺ)",2080,67600014-1              ,67600014-521    ,,8591,16788.09,, ,ACTUATOR-RAM AIR                                            ,4780251,62158020
73N,73N05710,7167    ,DE    ,CC    ,67600014-1              ,67600014-5203   ,21    ,X,X,FAIL  ,2015-12-08,00:00,0,00:00,0,2018-09-12,10304:43,4277,10304:43,4277,ǰZTC2 SRADA EXITϢ PF ZTC2 HAVE SRADA EXIT MESSAGE,10304:43,  AMM21-51-27ѹŷAF REFER TO AMM21-51-27 COMPETET R PACK RAM AIR EXRAUST TEST IS OK,4277,67600014-1              ,67600014-6346   ,,2945,6520.28,, ,ACTUATOR-RAM AIR                                            ,6579245,62261905
73N,73N05710,7167    ,DE    ,CC    ,67600014-1              ,67600014-6346   ,21    ,X,X,FAIL  ,2018-09-12,10304:43,4277,6216:54,2803,2018-10-12,10583:31,4407,6495:42,2933,,278:48,   FIM21-62TASK854ŹȷҳѹϣAMM21-51-27ҳѹ ФAF REF FIM21-62 TASK 854 TO MAKE SURE THE RH AIR REF AMM21-51-27TEST OK,130,67600014-1              ,67600014-2807   ,HONEYWELL,4971,10079.45,278:48,130,ACTUATOR-RAM AIR                                            ,6682219,62261945
73N,73N06323,1588    ,DE    ,CC    ,67600014-1              ,67600014-7896   ,21    ,X,X,FAIL  ,2017-03-30,00:00,0,00:00,0,2018-11-16,5344:30,2650,5344:30,2650,,5344:30,  AMM21-50ҲرDD201846662AF REFER TO AMM21-51 REPLACED THE RIGHT SIDE AIR THE IS OK CLOSEDD201846662 Ѧ,2650,67600014-1              ,67600014-416    ,,7413,14974.28,, ,ACTUATOR-RAM AIR                                            ,6802663,62264199
73N,73N05569,6800    ,DE    ,CC    ,67600014-1              ,67600014-4606   ,21    ,X,X,FAIL  ,2015-08-27,00:00,0,00:00,0,2018-11-02,11823:33,5010,11823:33,5010,ZTC1SRADA EXITϢAF TEST  ZTC1 HAS SRADA EXIT FAILTܺ,11823:33,  AMM21-51-27ǩ:0033546AF REFER TO AMM21-51-27 REPLACE LEFT PACK EXHAUST ACTATER TEST IS OKܺ,5010,67600014-1              ,67600014-4433   ,,3798,7456.51,, ,ACTUATOR-RAM AIR                                            ,6753714,62266372
73N,73N06019,1577    ,DE    ,CC    ,67600014-1              ,67600014-6346   ,21    ,X,X,FAIL  ,2016-07-27,00:00,0,00:00,0,2018-07-18,6216:54,2803,6216:54,2803,"ǰƳӳ,ԼҲPFTC21-51406 SRADA EXITϢPF R POCK LIGHTING RITE R PFTC HAVE MSG 21-51406",6216:54,"  AMM21-51-27ҲͲ,AF REFER TO AMM21-51-27 REPLACED R RAM AIR EXHAUSE ACTUATOR,TEST OKSZX",2803,67600014-1              ,67600014-5033   ,,4669,9460.09,, ,ACTUATOR-RAM AIR                                            ,6378422,F0406591
73N,73N06019,1577    ,DE    ,CC    ,67600014-1              ,67600014-6155   ,21    ,X,X,FAIL  ,2016-07-27,00:00,0,00:00,0,2018-05-27,5765:41,2540,6014:94,2634,ҳѹͲRH AIR INLAT ACTUATOR IN FAULT,6015:34,"  AMM21-51-21,ԹREF AMM21-51-21 REPLACE ACTUATOR AND TEST WORK NMLTNA",2634,67600014-1              ,67600014-3867   ,,3123,6120.41,, ,ACTUATOR-RAM AIR                                            ,6197549,F0409892
73N,73N06019,1577    ,DE    ,CC    ,67600014-1              ,67600014-6415   ,21    ,X,X,FAIL  ,2016-07-27,00:00,0,00:00,0,2018-09-22,6826:07,3110,6826:07,3110,FC0645961.SEE FC 0645961.ߣƶ,6826:07, IAW AMM 21-51-27 REPLACE RAW AIR EXHAUST ACTUATOR TEST OK .AWW 21-51-27ѹŷߣƶ,3110,67600014-1              ,67600014-3864   ,,5730,11106.39,, ,ACTUATOR-RAM AIR                                            ,6613240,F0459621
73N,73N05076,1997    ,DE    ,CC    ,67600014-1              ,67600014-1217   ,21    ,X,X,FAIL  ,2016-08-14,5854:54,3101,00:00,0,2016-08-29,5964:20,3163,109:26,62,,109:26,1997ɻ  °NRC  WOH73N11985,62,67600014-1              ,6760014-2456    ,,6749,13232.12,, ,ACTUATOR-RAM AIR                                            ,4283658,
