机型,制造序列号,机号,参考类型,件号,序号,件号描述,装上件号,装上序号,安装日期,拆换日期,章节号,部件装上使用小时数,部件装上使用循环数,部件拆下使用小时数,部件拆下使用循环数,部件本次装机使用小时,最近送修公司,送修至拆下时间/FH,送修至拆下时间/CY,故障描述,故障处理,拆换原因
73N,73N02373,5346    ,DE    ,3505945-12              ,GRTF0394        ,STARTER ASSY                                                ,3505945-12              ,GRT11068        ,2016-06-09,2019-06-19,80    ,26185:23,13154,34922:14,17759,8736:51,武汉航达,8736:51,4605,左发起动机失效        黄长辉LH startal pail,"       航后检查起动机叶片有掉块，检查磁堵和滑油回油滤，未见异常无其它损伤依据AMM80-11-01-400-801-F00更换左发起动机测试正常无渗漏梁金贵  /   DIC黄长辉AF check the blake of LH stator broken check the MCD and seamegonfiltor is ok ,no other damages replace stador of LH ENG byAMM80-11-01   ( FLB11719054A ) test ok ,no leakage封圈： S3225-160  封圈：S3225-222 封圈：AS1895-7-325封圈： J221P027(3EA)  回油滤：65-90305-86   封圈：M83248-2-905",FAIL  
73N,73N06025,7988    ,DE    ,3505945-11              ,GRTA4105C       ,(AOG)STARTER ASSY                                           ,3505945-11              ,GRTA5153C       ,2017-08-15,2019-06-18,8011  ,46662:30,24334,52789:46,27223,6127:16,北京丰荣,6127:16,2889,"启动左发时EGT到100度左右听到一声异响，之后EGT不上升并且白框闪烁。第二次启动时N2不上升，请排故A strange sound is heard around 100 degrees when starting the leftengine, after which the EGT does not rise and the white box flashes，N2 does not rise on the second boot ，Please line fault机组",   航后依据AMM80-11-01更换左发起动机，检查测试正常，挂签号：3836450AF refer AMM80-11-01 replace left engin ，check it normal，TAG :3836450吴化江,FAIL  
73N,73N03344,5520    ,DE    ,3505945-12              ,GRTF7196        ,STARTER ASSY                                                ,3505945-12              ,GRTF3788        ,2018-07-09,2019-06-15,80    ,18290:20,9593,20832:35,10876,2542:15,武汉航达,, ,右发起动机崩溃性损伤.  覃海波RIGHT ENGINE STARTER BREAK DOEN.,"             航后依据AMM80-11-01更换起动机，发现花键腔大量金属碎屑，依据AMM80-11-02 拆检起动机QAD适配器后部有碎屑，起动机磁堵大量金属碎屑，依据AMM79-0000-200-804-F00拆检MCD,发现AGB/TGB磁堵有大量金属碎屑,依据AMM80-11-2安装QAD适配器，依据AMM12-13-11-100-801冲洗滑油系统一遍，试车测试起动机正常无渗漏。依据AMM79-00-00-200-804-F00拆检MCD AGB/TGB磁堵仍有金属碎屑，依据AMMTASK12-13-11-100-801再次冲洗滑油系统四遍，试车测试再次检查MCD无金属碎屑。依据AMM79-21-03/401更换滑油供油滤，依据AMM79-21-06/401更换滑油回油滤。试车员：尹菁 毛梁AF REFER TO AMM80-00-01 REPALCED THE STARTER AND TEST OK NO LEAKAGECLEAN THE QAD DAPTER AND REINSTALLED IT.REFER TO TASK79-00-00-200-804-F00 FLUSH ENGINE 2 OIL SYSTEM.REFER TO AMM79-21-03 REPLACED THE OILSUPPLY FILTER.REFER TO AMM79-21-06 REPLACED THE SCAVENGE OIL FILTERAND CHECK OK,NO LEAKAGE.        李威威     互检：曹驰",FAIL  
73N,73N04716,5855    ,DE    ,3505945-12              ,GRTA9007        ,STARTER ASSY                                                ,3505945-12              ,GRTF1856        ,2018-09-25,2019-06-04,8011  ,38248:43,19611,40252:04,20595,2003:21,霍尼韦尔,2003:21,984,,"      航后完成QZ-80-010-02-01详细检查右发起动机磁堵是否有金属碎屑.发现金属屑,不符合工卡要求,依据AMM80-11-01.更换起动机,检查正常.无渗漏. AFaccomplish QZ-80-010-02-01 detail inspection of right engine startermagnetic chip detector for metal chips.found chips not in standardrefer to AMM80-11-01 replace the starter,check normal. no leakage.封圈/packing PN:M83248-1-008 封圈/packing PN:S3225-160 封圈/packingPN:S3225-222",FAIL  
73N,73N04904,5823    ,DE    ,3505945-12              ,GRTF7419        ,STARTER ASSY                                                ,3505945-12              ,GRTA7564        ,2019-04-06,2019-04-24,8011  ,19132:28,9935,19278:27,10031,145:59,霍尼韦尔,145:59,96,航后发现右发起动机磁堵无法拔出  侯泽召AF FOUND THE RIGHT ENGINE STARTER MAGRETIC CHIP DETECTOR FAULT,   依据AMM80-11-01 更换右发起动机 依据AMM71-00-00 完成慢车测试 结果正常REFER TO AMM80-11-01 REPLACE THE RIGHT ENGINE STARTER AND REFER TOAMM71-00-00 RUNNING TEST IT THE RESULT IS NORMAL侯泽召,FAIL  
73N,73N02648,5375    ,DE    ,3505945-12              ,GRTF3827        ,STARTER ASSY                                                ,3505945-12              ,GRTF5551        ,2017-02-14,2019-04-02,8011  ,20826:41,10539,26964:46,13601,6138:05,武汉航达,6138:05,3062,二发起动起动失效.   周贤能NO 2 engine start fail,"  依据AMM80-11-01 更换右发起动机,检查正常.未完成测试.   周贤能refer AMM80-11-01 replace engine NO.2 start check normal hasnot run the engine to test",FAIL  
73N,73N02831,5429    ,DE    ,3505945-12              ,GRTA2873C       ,STARTER ASSY                                                ,3505945-12              ,GRT40592        ,2019-01-10,2019-03-14,8011  ,53139:43,26534,53605:32,26778,465:49,芜湖双翼,3439:44,1852,,     航后完成工卡QZ-H80-11-01-001检查左发起动机有无滑油渗漏.结果发现有滑油渗漏.请后续处理.叶少冬 AF ACCOMPLISH TASK QZ-H80-11-01-001 CHECKENGINE STARTER FOR OIL LEAK-LEFT ENGINE the result found the oil leakFROM FLB 11651435A依据手册AMM80-11-01更换左发启动机并完成滑油勤务工作.张生龙 AF REFERTO AMM80-11-01 repalce LH ENG started accomplish oill servicing,FAIL  
73N,73N04596,5798    ,DE    ,3505945-12              ,GRTF9210        ,STARTER ASSY                                                ,1851M36P12              ,GRT31094        ,2019-01-29,2019-03-06,8011  ,15256:23,7779,15567:20,7922,310:57,武汉航达,310:57,143,检查右发起动机有滑油痕迹。   邓巍CHECK THE RIGHT ENG STARTER HAD OIL.,"  依据AMM80-11-01更换右发起动机，检查正常无渗漏。REF AMM80-11-01 REPLACE THE RIGHT ENG STARTER,CHECK IT OK,NO LEAKAGE.邓巍、互检：毛梁、试车：毛梁",FAIL  
73N,73N03713,5581    ,DE    ,3505945-12              ,GRTF5551        ,STARTER ASSY                                                ,3505945-12              ,GRTF0604        ,2017-12-13,2019-03-01,8011  ,18984:40,9777,22479:35,11528,3494:55,北京丰荣,3494:55,1751,左发起动机漏滑油。THERE IS OIL LEAKAGE FROM ENG1 STARTER.           覃海波,"   航后依据AMM80-11-01更换左发起动机试车测试正常无渗漏。AF REFER TO AMM80-11-01 REPLACE ENG1 STARTER ENGINE RUGINE TEST OK,NO LEAKAGE PUT THE AIRNAFT BACK NORMAL.       覃海波  互检：赵杰试车：毛梁",FAIL  
73N,73N03186,5503    ,DE    ,3505945-12              ,GRTF6111        ,STARTER ASSY                                                ,1851M36P12              ,GRT11617        ,2018-02-21,2019-02-19,8011  ,18073:12,9604,20622:23,11332,2549:11,霍尼韦尔,2549:11,1728,左发起动机叶片断裂。张庆海LH ENG STARTER BLADE BROKEN.,"   航后依据AMM80-11-01与B-1435对串左发起动机，试车测试正常，无渗漏，检查起动机磁堵AGB/TGB磁堵无碎屑。张庆海 试车员：卢贤明 互检：卢贤明AF REF AMM80-11-01 CHANGE L/H ENG STARTER WITH B-1435,ENG TESTOK,NO LEAK,CHECK STARTER AND AGB/TGB MAGNETIC PLUGS NO DETRITUS.",CAN   
73N,73N00607,2651    ,DE    ,3505945-12              ,GRTF3253        ,STARTER ASSY                                                ,3505945-11              ,GRTA1788C       ,2019-01-03,2019-01-31,8011  ,27379:54,14195,27474:26,14246,94:32,北京丰荣,3988:19,2234,,"左发起动机损坏,需更换。   WOH73N 20085",SCH   
73N,73N03299,5735    ,DE    ,3505945-12              ,GRTF0604        ,STARTER ASSY                                                ,3505945-11              ,GRTA1332C       ,2016-09-21,2019-01-21,8011  ,28806:52,15026,35410:36,18454,6603:44,武汉航达,6603:44,3428,执行WOLM工卡检查右发起动机，发现磁堵无法拆下 苏建宏PERFONMING VOLM TEST CHECKED R/H ENG STARTOR FOUND THE MAGNET PLUGFAIL TO REMOING,   依据AMM80-11-01更换右发起动机，并试车完成相关测试，无渗漏功能正常REFTERED TO AMM80-11-01 REPLACE RH ENG STARTER AND RUN ENG TOACCOMPLISHED RELATED TEST NORMAL NO LEAK  苏建宏封圈：M83248-2-905  封圈：S3225-222 封圈：S3225-160,FAIL  
73N,73N01800,5141    ,DE    ,3505945-11              ,GRTA2490C       ,(AOG)STARTER ASSY                                           ,3505945-12              ,GRTF1573        ,2015-09-26,2019-01-12,80    ,00:00,0,9319:40,4906,9319:40,,, ,航后检查发现左发起动机一螺钉损坏. 汪浩AF check and find left engine starter one bolt broken,  航后依据AMM80-11-01.更换左发起动机.试车检查正常.无渗漏.   汪浩AF refer AMM80-11-01 replace left engine starter runningtest OK no leakage,FAIL  
73N,73N04760,1927    ,DE    ,3505945-12              ,GRTF9210        ,STARTER ASSY                                                ,1851M36P12              ,GRTF8778        ,2018-11-16,2019-01-07,8011  ,14906:15,7604,15256:23,7779,350:08,霍尼韦尔,, ,,"        航后完成工卡QZ-80-010-01-01，详细检查左发动机磁性堵塞是否有金属屑，发现有金属碎屑，依据AMM80-11-01更换左发起动机，测试正常，试车员：梁金贵AF accomplished jobcard QZ-80-010-01-01,check LH enginestarcer mignetic chip detector found metal chips ref AMM80-11-01replace left engine starter，test normal  董剑鸣DIC:潘健生封圈pack：S3225-160封圈pack：S3225-222封圈pack：M83248-1-008",FAIL  
73N,73N03783,5611    ,DE    ,3505945-12              ,GRT23201        ,STARTER ASSY                                                ,1851M36P12              ,GRTF8389        ,2017-10-04,2019-01-02,8011  ,2085:30,974,5812:18,2772,3726:48,霍尼韦尔,, ,航后检查左发起动机漏油。AF FOUND THE LEFT STAR OIL LEAR.          李威威,"  航后依据AMM80-11-01，更换起动机，后续需要完成试车验证。AF REFER TO AMM80-11-01，REPLACED STAR, FUR THER RUN ENG UP.李威威  必检：佘国程    互检：佘国程",FAIL  
73N,73N02981,5481    ,DE    ,3505945-12              ,TMPGE-41053     ,STARTER ASSY                                                ,1851M36P12              ,GRT37046        ,2018-10-03,2018-12-23,8011  ,00:00,0,546:45,274,546:45,,, ,,"   航后完成借件拆还，依据AMM80-11-01更换右发起动机。 李远 AF ref toAMM80-11-01 replace the R/H engine stater FLB:11654699B航后依据AMM71-00-00运转右发慢车无渗漏运转正常。谢成龙
AF ref AMM71-00-00 run R ENG idle no leakage check OK",SCH   
73N,73N01033,2158    ,DE    ,3505945-11              ,GRTA1788C       ,(AOG)STARTER ASSY                                           ,1851M36P12              ,GRTF9449        ,2018-08-11,2018-12-10,80    ,47634:15,26868,48442:57,27145,808:42,北京丰荣,808:42,277,,检查发现左发起动机本体一螺钉断裂，需更换起动机。  WOH73N 19601,FAIL  
73N,73N05981,7619    ,DE    ,3505945-10              ,GRTF5309        ,(AOG)（不完全禁订禁用）STARTER ASSY                         ,3505945-12              ,GRTA2711C       ,2018-09-13,2018-10-27,8011  ,24:19,14,377:44,199,353:25,,, ,,"    航后依据AMM80-11-01 更换右发起动机 依据AMM71-00-00 慢车渗漏检查.无渗漏结果正常,AF refer to AMM80-11-01 replace rh engine starter refer AMM71-00-00idle power  leakage test the result is ok屈永辉    检验:党涛",FAIL  
73N,73N01291,5249    ,DE    ,3505945-12              ,GRTF5733        ,STARTER ASSY                                                ,1851M36P12              ,GRTF8589        ,2018-05-19,2018-10-27,73    ,18275:39,9256,19541:46,10231,1266:07,霍尼韦尔,1266:07,975,"航后检查左发起动机本体，两颗螺钉断裂 AF Check left engine body afterflight, two screws are broken 潘仕伟","     航后依据AMM80-11-01更换左发起动机，测试正常，挂签号：0060893 AFChange left initiator after flight according to amm80-11-01, , testnormal, register number: 0060893 潘仕伟 
PN:S3225-160
PN:AS3209-222
PN:AS3581-905
",FAIL  
73N,73N06166,1545    ,DE    ,3505945-12              ,GRT15551        ,STARTER ASSY                                                ,3505945-12              ,GRTF4240        ,2018-05-08,2018-09-14,8011  ,3700:18,1965,4751:57,2531,1051:39,霍尼韦尔,, ,航后检查发现右发启动机磁堵有金属屑  张国栋AF CHECK AND FIND R STARTER HAVE METAL IN MEG CHIPS,"    航后依据AMM80-11-01更换启动机，并检查AGB磁堵均正常，试慢车测试启动机正常，无渗漏  张国栋/许宗亮AF REFER TO AMM80-11-01 REPLACE THE STARTER, CHECK AGB, THE RESULT ISNORMAL, IDLE ENGINE TEST THE STARTER IS NORMAL, NO LEAK封圈：S3225-160   S3225-222",CAN   
73N,73N05132,1733    ,DE    ,3505945-12              ,GRT34456        ,STARTER ASSY                                                ,3505945-12              ,GRTF6199        ,2018-06-15,2018-09-12,8011  ,00:00,0,638:12,332,638:12,,, ,, 因客户需求，左发起动机借件拆还。WOH73N 18126,FAIL  
73N,73N00972,2159    ,DE    ,3505945-12              ,GRTF3936        ,STARTER ASSY                                                ,3505945-12              ,GRTF2111        ,2017-01-13,2018-08-07,8011  ,20826:41,10539,25188:37,12614,4361:56,北京丰荣,4361:56,2075,启动1发不成功，拖回排故机组,"    航后依据AMM80-11-01检查起动机磁堵正常，依据AMM80-11-01更换起动机，测试正常AF REFER TO AMM80-11-01 CHECK STARTER MAGNETIC PLUG IT IS OK,REFERTO AMM80-11-01 REPLACED STARTER TEST IT OK,TAG:0003795徐龙祥/祝党科",FAIL  
73N,73N00345,2647    ,DE    ,3505945-12              ,A5064C          ,STARTER ASSY                                                ,1851M36P12              ,GRTF8325        ,2017-05-19,2018-07-11,8011  ,41986:51,21728,44874:35,23422,2887:44,武汉航达,2887:44,1694,航后执行工卡QZ-H80-11-01-001时发现起动机缺少一颗螺钉AF accomplshing task QZ-H80-11-01-001，found LESS an SCREW杨磊,      航后依据AMM80-11拆下左发启动机AF refer to AMM80-11 removed the left engine starter杨磊见FLB11363278航后依据AMM80-11安装左发启动机，测试正常AF refer to AMM80-11 install the left engine starter test ok余伟,FAIL  
73N,73N00607,2651    ,DE    ,3505945-12              ,GRTA2711C       ,STARTER ASSY                                                ,3505945-12              ,GRTA9246        ,2016-04-02,2018-06-25,80    ,3064:28,868,9526:37,4331,6462:09,北京丰荣,6462:09,3463,航后检查1发起动机堵头漏油.张奥博AF check and found the starter of engine 1 leak,"    航后依据AMM80-11-01将B-5520飞机右发启动机串至B-2651左发试车验证正常,无渗漏.张奥博/陶旭     试车员:吴建军AF refer to AMM80-11-01 swap the starter of B-5520 engine 2 to theengine 1 of B-2651  test it is OK备注:与张奥博确认2651启动机退库房",CAN   
73N,73N02938,5482    ,DE    ,3505945-11              ,GRTA1788C       ,(AOG)STARTER ASSY                                           ,1851M36P12              ,GRT16994        ,2016-08-25,2018-06-19,8011  ,42672:10,24228,47634:15,26868,4962:05,北京丰荣,4962:05,2640,,  检查发现B-5482左发启动机螺钉断裂，从B-7619飞机右发串启动机。CHECK AND FOUND THE SCREW OF THE AIRCRAFT B-5482 ENGINE STARTERDAMAGE NEED TO SWAP THE STARTER FROM B-7619.,CAN   
73N,73N03889,5636    ,DE    ,3505945-12              ,GRTF1573        ,STARTER ASSY                                                ,3505945-12              ,GRTF6352        ,2017-10-14,2018-05-24,8011  ,28801:46,15058,30584:19,15846,1782:33,武汉航达,1782:33,788,"右发起动过程中,N2消失再次尝试起动N2不上升.  机组","    按AMM12-13-11-100-801完成右发滑油系统不工作,更换右发滑油回油滤,按AMM80-11-01更换右发起动机,检查磁堵无碎屑,检查放油口无渗漏.KHN机务ref to AMM12-13-11-100-801 do flush ENG oil system,replace oilreturn filter,ref to AMM80-11-01 replace ENG starter check clipdectector is no netalic clip and no oil leakage",FAIL  
73N,73N02668,5405    ,DE    ,3505945-12              ,GRT06766        ,STARTER ASSY                                                ,1851M36P12              ,GRT06025        ,2016-12-09,2018-05-20,8011  ,3838:57,2003,8006:15,4187,4167:18,霍尼韦尔,6554:14,3430,航后检查发现右发起动机磁堵底座漏油，蒋祁郴 AF check and found leakagein magnetic plug house of RH engine starter,   航后依据AMM80-11-01更换右发起动机 试车测试正常.无渗漏.蒋祁郴试车员：吴建军 AF refer to AMM80-11-01 repalce the RH engine starterand no leakage is fault the result is normal 封圈PN:S3225-160封圈PN:S3225-222,FAIL  
73N,73N05612,7105    ,DE    ,3505945-10              ,GRTF5309        ,(AOG)（不完全禁订禁用）STARTER ASSY                         ,3505945-12              ,GRT30235        ,2018-04-13,2018-04-20,8011  ,00:00,0,24:19,14,24:19,,, ,启动机借件拆还。陈金盛STARTER REMOVE AND TURN IT BACK.,"  航后依据AMM80-11-01更换左发启动机，检查正常，无渗漏。陈金盛互检：叶明海AF REF TO AMM80-11-01 REPLACE LH ENGINE STARTER,CHECK OK,NO LEAKAGE.",SCH   
73N,73N03733,5620    ,DE    ,3505945-12              ,GRTF6199        ,STARTER ASSY                                                ,1851M36P12              ,GRTF5389        ,2018-03-11,2018-04-09,8011  ,17023:49,8773,17266:15,8874,242:26,霍尼韦尔,242:26,101,航后完成工卡QZ-80-010-01-01发现左发起动机有金属屑    屈永辉AF ACCOMPLSIHED SUBTASK QZ-80-010-01-01 FIND LEFT ENGINE STARTERHAVE MAGNETIC PARTS IDES,"    航后依据AMM80-11-01更换左发起动机,试车测试检查无渗漏,结果正常屈永辉     试车员:刘飞AF REF AMM80-11-01 REPLACE LEFT ENGINE STARTER AND RUNNINGUP TEST NO LEAKGE THE RESULT IS OK封圈:S3225-222 S3225-160",FAIL  
73N,73N06148,7887    ,DE    ,3505945-12              ,GRT23260        ,STARTER ASSY                                                ,3505945-12              ,GRTA7780        ,2016-10-24,2018-03-17,80    ,00:00,0,4263:01,2081,4263:01,,, ,LH ENG START FAIL左发启动失效," IAW AMM80-11-01 REPLACED L/H ENG STARTER,CHK NML依据AMM80-11-01更换左发启动机，检查正常。徐叶望",FAIL  
73N,73N03733,5620    ,DE    ,3505945-12              ,GRTF6352        ,STARTER ASSY                                                ,3505945-12              ,GRTF6199        ,2018-02-05,2018-03-11,8011  ,17137:45,8678,17401:58,8780,264:13,霍尼韦尔,264:13,102,空中发现左发漏滑油，持续漏，最低值未6 机组,"                  航后依据FIM79-08TASK801及AMM79-00-00-200-800-F00完成左发滑油部件外部渗漏检查尺清洁所有滑油痕迹，结果正常，依据AMM810-11-01-000-801-F00拆下起动机及其磁堵，发现起动机内有滑油，起动机花键轴及磁性正常，检查三个收油池磁性正常，依据AMM80-01-400-801-F00完成起动机安装，试车验证，检查无渗漏，滑油量左发18夸脱，右发18夸脱，试车员潘阳 刘建亮P/N OFF 53225-160   P/N ON 53225-160P/N OFF 53225-222   P/N ON 53225-222FLB11421026FROMFLB11421023B挂签号 7022701According to fim79-08task801 and amm79-00-00-200-800 -F00.All grease marks are cleaned by external leakage inspection ruler oflubricating oil parts. The results are normal and valid.Amm810-11-01-remove the starter and its magnetic block, and find the starter.Lubroil, starter spline shaft and magnetic normal, check three oil tank mnormal, according to.Amm80-01-400-801-f00 complete the starter instaltest the test, check no leakage, lubricating oil quantity.18 quartson the right, pan Yang, the test driver. TAG:7022701",WOR   
73N,73N03733,5620    ,DE    ,3505945-12              ,GRT25185        ,STARTER ASSY                                                ,3505945-12              ,GRTF6352        ,2017-08-21,2018-02-05,8011  ,582:38,310,2007:37,1082,1424:59,霍尼韦尔,1424:59,772,,检查发现左发启动机叶片排气口漏油。  5620飞机  WOH73N 17140,FAIL  
73N,73N03713,5581    ,DE    ,3505945-12              ,GRT22675        ,STARTER ASSY                                                ,3505945-12              ,GRTF5551        ,2017-08-24,2017-12-13,8011  ,2753:13,1439,3592:05,1965,838:52,霍尼韦尔,, ,,检查发现左发起动机本体漏油。  5581飞机   WOH73N 16848,FAIL  
73N,73N06080,7989    ,DE    ,3505945-12              ,GRTA2061C       ,STARTER ASSY                                                ,3505945-12              ,GRTF1620        ,2017-07-21,2017-11-20,8011  ,46475:46,33490,47541:07,34018,1065:21,武汉航达,1065:21,528,,    发件人: 吴艺玮发送时间: 2017年12月4日 15:17收件人: 海航技术（云南）-MCC数据采集主题: B-7989问题数据根据以上邮件以及航材挂签处理问题数据,FAIL  
73N,73N00731,2652    ,DE    ,3505945-12              ,GRTF2125        ,STARTER ASSY                                                ,3505945-12              ,GRTA2873C       ,2016-04-19,2017-11-17,8011  ,21584:12,11461,26174:54,14064,4590:42,北京丰荣,4590:42,2603,左发启动不成功 The LH engine starter failure 朱有光,"   检查左发启动机叶片断裂,检查起动机磁堵有大量金属屑,依据AMM80-11-01更换左发起动机,并完成相关检查无渗漏,磁堵干净无碎屑 Check the LHengine starter blade was broken,refer to AMM80-11-01 replaced thestarter and test normal 朱有光 封圈packing:AS3209-008",FAIL  
73N,73N02769,5418    ,DE    ,3505945-12              ,GRTF6193        ,STARTER ASSY                                                ,3505945-11              ,GRTA4639C       ,2017-11-15,2017-11-15,80    ,16346:32,8333,16346:32,8333,00:00,武汉航达,00:00,0,,依据查件单完善数据  2018-02-24 08:05,SCH   
73N,73N04115,5685    ,DE    ,3505945-12              ,GRT05837        ,STARTER ASSY                                                ,3505945-12              ,GRTF5498        ,2016-05-04,2017-11-07,8011  ,2382:11,1203,6790:02,3542,4407:51,霍尼韦尔,, ,,   航后完成MCO 依据AMM80-11-01 更换左发启动机 测试正常无渗漏TAG7060946AF ACCOMPLISHED MCO REF AMM80-11-01 REPLACED STAFEWR OF CLH ENGRUN L/H FNG TEST OK NOLECKAGE   试车刘飞  党涛  屈永辉,FAIL  
73N,73N02265,5409    ,DE    ,3505945-12              ,GRTF6421        ,STARTER ASSY                                                ,3505945-12              ,GRTF5015        ,2017-08-30,2017-11-03,8011  ,16856:30,8796,17454:21,9089,597:51,武汉航达,597:51,293,航后因检查起动机磁堵发现磁堵无法拔出(肖俊)AF DUE TO THE PLUG FIND PLUG INOP,  航后依据AMM80-11-01更换右发起动机 依据AMM71-00-00试车测试正常(肖俊)AF REFER TO AMM80-11-01 REPLACE THE STARTER TEST IS OK,FAIL  
73N,73N03783,5611    ,DE    ,3505945-11              ,A5361           ,(AOG)STARTER ASSY                                           ,3505945-12              ,GRT23201        ,2017-08-22,2017-10-04,8011  ,42199:30,21267,42586:45,21444,387:15,北京丰荣,387:15,177,, 执行工卡QZ-80-010-01-01 检查发现左发起动机金属屑超标，需更换5611飞机  WOH73N 16136,SCH   
73N,73N04118,1906    ,DE    ,3505945-12              ,GRTF1489        ,STARTER ASSY                                                ,3505945-12              ,GRTF0607        ,2017-01-29,2017-08-23,8011  ,27246:34,14255,29099:35,15262,1853:01,北京丰荣,1853:01,1007,"左发启动失效，检查启动机磁堵AGB磁场有碎屑。朱嘉鑫L ENG START FAIL,INSPECTED STARTER MAGNETIG PLUG AND AGB MAGNETIG,FOUND CHIPPINGS.","     航前依据AMM80-11-01拆下左发启动机，检查花键和QAD正常，为保障航班运行，将5430飞机左发启动机串至1906左发，依据AMM12-13-11完成左发滑油系统清洗，测试正常。朱嘉鑫PF REF  AMM80-11-01 REMOVED THE STARTER OF L ENG,CHECK THE SPLINEAND QAD FOR STARTER WAS NORMAL,TOTO[FLB00018026A]",SWAP  
73N,73N02827,5430    ,DE    ,3505945-12              ,GRTF1489        ,STARTER ASSY                                                ,3505945-11              ,20170527A       ,2017-08-23,2017-08-23,73    ,29099:35,15262,29099:35,15262,00:00,北京丰荣,1853:01,1007,,"   为判断1906左发启动机故障，将本机左发启动机串到1906排故，更换重新安装新件，测试正常。罗送明 BECAUSE JUDGE 1906 STARTER FAULT,DO THE 5430 INTERCHANGE L/H ENG STARTER,REPLACED NEW PART,TEST OK.",FAIL  
73N,73N02691,5403    ,DE    ,3505945-12              ,GRTF1573        ,STARTER ASSY                                                ,1851M36P10              ,GRTF3037        ,2017-05-17,2017-08-15,8011  ,27942:02,14601,28801:46,15058,859:44,武汉航达,859:44,457,8月15日在珠海推出飞机后顺利启动二号发动机，但一号发动机启动店门放到地面位后无NZ转速,"  IAW AMM80-11-01 REPLACED THE STARTER OF ENG ONE RUN THE ENG ONE,TEST OK.依据AMM80-11-01更换1发起动机，试车测试正常陈勇",FAIL  
73N,73N02885,5467    ,DE    ,3505945-12              ,GRTF9463        ,STARTER ASSY                                                ,3505945-11              ,GRTA2037C       ,2017-07-20,2017-08-11,8011  ,00:00,0,189:17,107,189:17,,, ,航后自检EEC1有DMS requires inspection 79-31141信息AF bite EEC1 had message DMS requires inspection 79-31141周兰官,      航后依据FIM79-21TASK808排故，依据AMM79-00-00-200-804-F00检查磁堵，发现AGB/TGB和前收油池有金属屑，已送去检验 AF refer to FIM79-21TASK808troubleshooting，refer to AMM79-00-00-200 -804-F00 chip detectorsinspection，found some Metal debris，send to check 周兰官FLB11233383B 航后依据AMM80-11-01更换起动机，测试正常，TAG:7042270 AFrefer to AMM80-11-01 replaced the starter，test it ok 徐龙祥试车：赵星,FAIL  
73N,73N06025,7988    ,DE    ,3505945-12              ,GRT25185        ,STARTER ASSY                                                ,3505945-12              ,GRTF1620        ,2017-05-28,2017-06-20,8011  ,403:21,218,582:38,310,179:17,霍尼韦尔,179:17,92,航后完成工卡发现左发起动机有金属屑(王炜捷)AF CHECK THE MAGICETIC IN STARTER,"  航后依据AMM80-11更换左发起动机,试车检查正常 无渗漏(王炜捷)AF REFER TO AMM80-11 REPLACE THE STARTER TEST IS OKTAG:F014691",FAIL  
73N,73N02459,5359    ,DE    ,3505945-12              ,GRTF1969        ,STARTER ASSY                                                ,3505945-12              ,GRTF2240        ,2017-04-21,2017-06-13,8011  ,25105:40,12853,25599:01,13106,493:21,武汉航达,, ,,"    航后完成工卡QZ-80-010-02-01详细检查右发起动机磁性堵塞是否有金属碎屑,金属碎屑超标,更换右发起动机勤务起动机油500ML,试车检查无碎屑,结果符合要求 王立AF accomplished job card QZ-80-010-02-01 detail inspect the NO.2ENGStarter MCD for metal chips no particles found.",FAIL  
73N,73N00345,2647    ,DE    ,3505945-10              ,GRTF5498DELETE  ,(AOG)（不完全禁订禁用）STARTER ASSY                         ,3505945-12              ,A5064C          ,2017-05-19,2017-05-19,8011  ,18433:47,9403,18433:47,9403,00:00,上海普惠,, ,,     根据MAOTS711803需恢复左发起动机。发件人: 大连航线生产准备席发送时间: 2017年5月28日 0:56收件人: 太原MCC控制席抄送: 海口定检数据采集席主题: 回复: 转发: 今晚2647今晚在太原航后，请帮忙下发一下查件单,SCH   
73N,73N02973,5480    ,DE    ,3505945-12              ,GRTA7300        ,STARTER ASSY                                                ,3505945-12              ,GRTF4137        ,2016-02-17,2017-05-08,8011  ,11347:01,5262,14871:29,7132,3524:28,北京丰荣,3524:28,1870,,检查发现左发起动机失效。需更换,FAIL  
73N,73N03095,5462    ,DE    ,3505945-12              ,GRT05219        ,STARTER ASSY                                                ,3505945-12              ,GRTF4253        ,2015-11-13,2017-04-18,8011  ,2674:17,1318,7201:13,3680,4526:56,霍尼韦尔,4526:56,2362,左发启动部不成功. N2不上升.   杜定杰LH ENGINE START FAIL N2 NOT UP,"          航前检查左发起动机磁堵有大量金属屑, 检查启动机发现叶片断裂, 检查前,后及附件收油池磁堵, 无金属屑, 依据 AMM80-11 更换左发起动机, 试车验证正常, 再次检查磁堵(四个)均正常无金属屑. 由于更换起动机, 办理FC201710415  杜定杰PF CHECK LEFT ENGINE STARTER MAGNOTIC PLUG FIND MUCH MAGNETIC PARTICLES ANDFLB10938474A CHECK THE VANL OF ENGINE STARTER DAMAGED CHECK THE FWD/AFT/AGB SUMP MAGNETIC PLUG DO NOT FIND MAGNETIC PORTIDES REFERAMM80-11-01 REPLACE THE ENGINE STARTER RUN ENG1 TEST NORMAL CHECKALL THE MAGNETIC PLUGS ALL NORMAL BECAUSE REPLACE ENGINE STARTER OPEN封圈  S3225-160/S3225-222/AS1895-7-315/J221P027 6EA/M83248-1-008 4EA",FAIL  
73N,73N02593,5372    ,DE    ,3505945-12              ,GRTF8404        ,STARTER ASSY                                                ,3505945-12              ,GRTF7099        ,2016-04-29,2017-04-13,8011  ,4761:32,2985,7657:00,4424,2895:28,上海普惠,6731:04,3689,航后机组反映右发启动慢AF the crew say the right engine stare slowing叶永豪,"       航后依据AMM80-11-01更换右发启动机启动活门，测试正常试车验证正常AF ref AMM80-11-01,replace the right engine starter andstart balve,test is ok,the strat engine is ok叶永豪封圈ring：S3225-160封圈ring：S3225-222备注:2017-04-14,依据王安立邮件,由于拆下件实物无任何标识,依据系统",FAIL  
73N,73N03392,5540    ,NRC   ,3505945-12              ,A5064C          ,STARTER ASSY                                                ,3505945-12              ,GRT24274        ,2016-02-10,2017-04-07,8011  ,38527:36,19764,41986:51,21728,3459:15,北京丰荣,3459:15,1964,"检查发现右发起动机本体多个连接螺栓损坏。
Some bolts in RH engine starter were found damaged when accomplished inspection.","        1
1-1.  参考AMM80-11-01-000-801-F00(Rev 62, 15 Feb 2017)拆下起动机。
REMOVE THE RH ENG STARTER REFER TO AMM80-11-01-000-801-F00(Rev 62, 15Feb 2017). 
1-2.  参考AMM80-11-01-400-801-F00(Rev 62, 15 Feb 2017)安装起动机。
INSTALLATION THE RH ENG STARTER REFER TO AMM80-11-01-400-801-F00(Rev 62, 15 Feb 2017). 
1-3.  参考AMM71-00-00-700-809-F00(Rev 62,15 Feb 2017)和AMM71-00-00-700-801-F00(Rev 62, 15 Feb 2017)执行起动机测试，结果满足手册要求。
DID THE STARTER LEAKAGE TEST REFER TO AMM71-00-00,TEST OK. 
T30288",FAIL  
73N,73N01855,5139    ,DE    ,3505945-12              ,GRTF2240        ,STARTER ASSY                                                ,3505945-12              ,GRTF3038        ,2016-08-27,2017-03-31,8011  ,24110:39,12225,25887:22,13147,1776:43,武汉航达,1776:43,922,,"     航后完成MCO-2017-03-31-68,依据AMM80-11-01,更换右发启动机,干冷转无漏气,试车检查无漏油(完成试车工卡TACK71-00-00-800-8011-F00)栾志灵,孔令山AF ACCOMPLISH THE MCO-2017-03-31-68 ACCORDING TO AMM80-11-01 REPLACETHE STATER OF RIGHT ENGINE ACCOMPLISH THE TACK71-00-00-800-911-F00THERE IS NO LEAKING PRENMATIC AS DRYMOTORING THE ENGIE AND NO LEAKOIL AS IDLE-POWER",FAIL  
73N,73N02155,5710    ,DE    ,3505945-12              ,GRTA5005C       ,STARTER ASSY                                                ,3505945-12              ,GRTF2055        ,2017-03-25,2017-03-28,8011  ,00:00,0,29:53,14,29:53,,, ,,"   航后完成右发起动机借件拆还,依据AMM80-11-01更换右发起动机,测试正常.李康AF finished lease spare return,refer to AMM80-11-01 replace RING starter,test OK",SCH   
73N,73N00154,5060    ,DE    ,3505945-12              ,GRTA1602C       ,STARTER ASSY                                                ,3505945-12              ,GRTF1007        ,2016-11-10,2017-03-04,80    ,37462:02,19771,38231:06,20182,769:04,武汉航达,769:04,411,,完成B-5060  退租检  WOH73N 13650  非例行拆换.,FAIL  
73N,73N04118,1906    ,DE    ,3505945-10              ,GRTF4666        ,(AOG)（不完全禁订禁用）STARTER ASSY                         ,3505945-12              ,GRTF0217        ,2017-01-28,2017-02-07,8011  ,00:00,0,92:58,41,92:58,,, ,,"  还件，据AMM80-11-01，更换右发起动机，试车测试正常。赵云涛FOR RETURN GIVE BACK,REFER TO AMM80-11-01 REPLACED R ENG STARTER,RUNNING R ENG ,TEST IS OK. 试车员：李赞伟",SCH   
73N,73N01015,2157    ,DE    ,3505945-12              ,GRT06376        ,STARTER ASSY                                                ,3505945-11              ,GRTA3934        ,2016-08-18,2017-02-05,80    ,00:00,0,1333:55,680,1333:55,霍尼韦尔,1333:55,680,过站机组反映左发启动不成功.      叶永豪TR the crew say the left engine server fault,"     航后更换左发启动机,完成左发AGB/TGB管路冲洗慢车测试无渗漏,左发启动无异常.飞机可放行.黄长辉:36250119800216445A     叶永豪AF replace the left engine AGB/TGB oil cleantion the idle test is okthe left engine no leakage   P/N  3505945-12  S/N  ATS100-511P/N 3505945-11   S/N GRTA3934 封圈P/N  S3225-160   S3225-222滤芯 P/N  QA064222",FAIL  
73N,73N02459,5359    ,DE    ,3505945-12              ,GRTA2790C       ,STARTER ASSY                                                ,3505945-12              ,GRTF4079        ,2016-08-18,2017-01-25,80    ,30458:04,15279,31965:07,16136,1507:03,北京丰荣,1507:03,857,航后检查发现左发起动机本体有一条裂纹（陈卫志）,  航后依据AMM80-11-01更换左发起动机，测试正常，恢复飞机正常AF REFER TO AMM80-11-01 REPLACE THE STARTER ASSY（陈卫志）,FAIL  
73N,73N00972,2159    ,DE    ,3505945-12              ,GRTF3640        ,STARTER ASSY                                                ,3505945-12              ,GRTF3936        ,2014-05-22,2017-01-13,80    ,13321:10,6885,22129:23,11465,8808:13,AMECO,8808:13,4580,左发启动机磁堵与底座无法分离.         候睿Left engine starter chip detector not remover," 航后依据AMM80-11-01/401更换左发起动机,测试正常.    候睿AF refer AMM80-11-01/401 replace the left engine starter test ok",FAIL  
73N,73N01829,5810    ,DE    ,3505945-12              ,GRTF0009        ,STARTER ASSY                                                ,3505945-12              ,GRTA4339CC      ,2016-09-19,2016-09-29,80    ,00:00,0,91:28,71,91:28,,, ,,"  航后依据AMM80-11更换左发起动机,试车测试无渗漏(丁会)AF REFER TO AMM80-11 REPLACE THE L ENGINE START AND TEST IS OK挂签:6010115",FAIL  
73N,73N02772,5427    ,DE    ,3505945-12              ,GRT02651        ,STARTER ASSY                                                ,3505945-12              ,GRTF2229        ,2016-07-29,2016-09-27,73    ,5683:49,2831,6219:03,3098,535:14,霍尼韦尔,535:14,267,左发起动机磁堵垂尾超标left engine starter magine tie chip  李鹏," 因左发起动机磁堵垂尾超标,更换左发起动机change the left engine starter because magnetic chips   李鹏",FAIL  
73N,73N01829,5810    ,DE    ,3505945-12              ,GRTF7768S       ,STARTER ASSY                                                ,3505945-12              ,GRTF0009        ,2014-02-07,2016-09-19,8011  ,906:16,476,9382:33,7141,8476:17,霍尼韦尔,8476:17,6665,航后检查发现左发动机起动机失效 AF Inspection found that the leftengine starter failure 王鹏, 航后依据AMM80-11更换左发起动机试车测试工作正常 AF REFER TO AMM80-11REPLACED LEFT  ENGIUE STARFER TEST IS NORMAL 王鹏,FAIL  
73N,73N03313,5521    ,DE    ,3505945-12              ,GRTF4303        ,STARTER ASSY                                                ,3505945-12              ,GRTF3984        ,2016-05-31,2016-07-27,8011  ,16837:25,8722,17292:37,8938,455:12,北京丰荣,455:12,216,2号发动机启动增速自然很慢。机组,"        广州过站自检右发EEC当前和历史均无故障信息，请后续监控。CAN机务TR BITE EEC2 NO FAULT MES.FROM FLB11114683B航后依据手册检查前中后收油池磁堵，结果正常，检查起动油磁堵，发现有金属屑，结果超标，依据AMM80-11-01-000-801更换起动机，检查正常，试车无渗漏。杨帆/冯爱华AF CHECK THE FWD MID ,AFT CHIP MAGNETIC ,CHECK OK ,CHECK THE STARTARMAGNETIC DIP ,METAL OUT OF LIMIT ,REF TO AMM80-11-01-00-801 TO REPLACE THE STARTER ,CHECK OK .",FAIL  
73N,73N01386,5272    ,DE    ,3505945-12              ,GRTF3045        ,STARTER ASSY                                                ,3505945-12              ,GRTA9059        ,2016-06-16,2016-06-24,8011  ,92:17,55,171:13,112,78:56,,, ,,  航后完成MCO-2016-06-06-87右发起动机更换测试正常accomplished MCO replace RH ENG starter and test ok崔文斌 林炜,FAIL  
73N,73N01191,2677    ,DE    ,3505945-12              ,GRTF3045        ,STARTER ASSY                                                ,3505945-12              ,GRTF3272        ,2016-06-05,2016-06-16,80    ,00:00,0,92:17,55,92:17,,, ,,"航后依据AMM80-11-01完成左发起动机借件拆还工作,测试正常(任琳)",SCH   
73N,73N05194,1728    ,DE    ,3505945-12              ,GRTA7341        ,STARTER ASSY                                                ,3505945-12              ,GRTA7914        ,2016-05-15,2016-05-19,8011  ,00:00,0,25:51,16,25:51,,, ,,  航后更换左发启动机完成MCO-2016-05-18-195测试正常AF replace the starter on L ENG test ok刘鹤嵩,FAIL  
73N,73N04115,5685    ,DE    ,3505945-12              ,GRTF0394        ,STARTER ASSY                                                ,3505945-12              ,GRT05837        ,2014-07-22,2016-05-04,8011  ,20628:54,10380,26185:23,13154,5556:29,芜湖双翼,5556:29,2774,,   航后完成工卡MAOTS800030 依据AMM80-11-01完成左发收发机更换 完成发动机试车 检查无漏气.杜磊/王康业AF accomplish MAOTS8000-30 refer to AMM80-11-01 replace LH startercompartment engine test check normal and air leakage,SCH   
73N,73N02593,5372    ,DE    ,3505945-12              ,GRTF2868        ,STARTER ASSY                                                ,3505945-12              ,GRTF8404        ,2015-07-15,2016-04-29,8011  ,17088:07,8872,19472:19,10029,2384:12,AMECO,2384:12,1157,,"  航后完成 MAOTS800026 更换5372右发起动机, 试车测试正常.  李旭东AF ACCOMPLISH MAOTS800026 REPLACE 5372 REPLACE THE STARTER OF THERH ENGINE",SCH   
73N,73N05493,6062    ,DE    ,3505945-12              ,GRTA9448        ,STARTER ASSY                                                ,3505945-12              ,GRTF0064        ,2015-07-31,2016-04-28,8011  ,23764:21,12732,26137:08,13889,2372:47,AMECO,2372:47,1157,,"  航后完成工卡MAOTS800027,更换6062左发起动机,试慢车测试正常.朱金辉/曹驰AF accomplished MAOTS800027 replace munt of the starter of the B-6062LH engine rdle test ok.",FAIL  
73N,73N02330,5338    ,DE    ,3505945-12              ,GRTA9246        ,STARTER ASSY                                                ,3505945-12              ,GRTF0323        ,2015-12-23,2016-03-23,8011  ,25223:37,13046,26028:18,13436,804:41,AMECO,804:41,390,, 根据AMM80-11-01更换起动机，试车员：钱俊。Refer to AMM80-11-01replace starter。,FAIL  
73N,73N03392,5540    ,DE    ,3505945-12              ,GRTF0134        ,STARTER ASSY                                                ,3505945-12              ,A5064C          ,2016-01-04,2016-02-10,8011  ,00:00,0,317:52,157,317:52,,, ,,"   航后为完成借件拆还，依据手册AMM80-11-01更换右发起动机干冷转发动机无漏气，未完成试车验证试飞漏油，请后续安排。张佳楠AF ACCOMPLISHED BORW A PIECE REF TO AMM80-11-01 REPLACED THE STARTEROF RH ENG ,NO TEST ,PLEASED TEST AFTER .",SCH   
73N,73N03066,5479    ,DE    ,3505945-12              ,GRTF3372        ,STARTER ASSY                                                ,3505945-12              ,GRTF0722        ,2015-11-27,2015-12-03,8011  ,00:00,0,61:06,30,61:06,,, ,按技术组指令需完成右发启动机借件拆还.袁帅Refer to MCD order need finish the starter of R/H ENG remove to back,"    航后依据AMM80-11更换右发启动机,试车检查正常,无渗漏.袁帅AF refer to AMM80-11 replaced the starter of R/H ENG start the engineto test the result normal NO leakagePACKING   P/NON:M83248-1-222PACKING   P/NON:M83248-1-160",SCH   
73N,73N02155,5710    ,DE    ,3505945-12              ,GRTF5586        ,STARTER ASSY                                                ,3505945-12              ,GRTF5031        ,2015-03-12,2015-08-08,80    ,8959:16,5869,10065:39,6451,1106:23,AMECO,1106:23,582,机组反映左发启动不成功并有火警出现.宋绍彬crew report left engine  fail start  and  have  fire alarm,"        检查发现左发起动机损坏 依据AMM80-11-01更换起动机,检查发现左发TGB收油池磁堵有金属屑依据AMM12-13-11完成左发滑油系统冲洗并更换左发回油滤组件 依据AMM WDM26-11-11量线检查左发火警系统正常 试车验证火警系统工作正常.姚伟 宋绍彬 挂签号0020204 4085501FLB10943327A check  find  left engine starter fail  refer AMM80-11-01replaced starter  check find left  engine TGB detedor bave metalrefer AMM12-13-11 flush  the engine  oil sttsten replaced the  returnoil filter assy  refer WDM76-11-11measure the fire detector systemwire ok  run  engine  test fire detector system ok",FAIL  
73N,73N05493,6062    ,DE    ,3505945-12              ,GRT04334        ,STARTER ASSY                                                ,3505945-12              ,GRTA9448        ,2015-07-24,2015-07-31,80    ,00:00,0,66:34,28,66:34,,, ,,    航后检查左发起动机磁堵有微量碎屑依据AMM80-11-01更换左发起动机测试正常李俊义AF check left start magnetic oing have a small amomt of particlesrefer to AMM80-11-01 replaced left startr test ok3505945-12 GTR04334 3505945-12 GRTA9448,FAIL  
73N,73N02593,5372    ,DE    ,3505945-10              ,A7767           ,(AOG)（不完全禁订禁用）STARTER ASSY                         ,3505945-12              ,GRTF2868        ,2015-07-05,2015-07-15,8011  ,00:00,0,78:43,48,78:43,,, ,,   航后完成MCO-2015-07-09-91依据AMM80-11-01更换右发起动机借件拆还试车测试正常  张大明AF accomplished MCO-2015-07-09-91 refer to AMM80-11-01 to replacedRH starter remove part return do a ground run test the result is ok,SCH   
73N,73N01649,5115    ,DE    ,3505945-12              ,GRTF4662        ,STARTER ASSY                                                ,3505945-11              ,GRTA3139C       ,2015-04-20,2015-05-27,80    ,3378:57,2153,3651:15,2321,272:18,AMECO,272:18,168,右发起动机卡箍有滑油迹象.袁帅The clamp of RH starter ENG have sign indication to ken.,"      航后依据AMM80-11-01更换右发起动机及安装封圈和卡箍,试车检查正常.无渗漏袁帅AF refer to AMM80-11-01 replaced the starter and packing and lampof RH ENG start the ENG2 the result normal.卡箍      3504947-1PACKING    S3225-160PACKING     S3225-222",FAIL  
73N,73N01649,5115    ,NRC   ,3505945-12              ,GRTF2264        ,STARTER ASSY                                                ,3505945-12              ,GRTF4662        ,2015-04-20,2015-04-20,80    ,19102:09,9815,19102:09,9815,00:00,AMECO,5046:38,2474,"右发起动机漏油,需更换. 
R/H ENG STARTER LEAK OIL,NEED TO REPLACE IT.","    1
1-1.  参考AMM TASK 80-11-01-000-801-F00拆下起动机. 
REMOVE STARTERPER AMM TASK 80-11-01-000-801-F00 
1-2.  参考AMM TASK 80-11-01-400-801-F00安装起动机. 
INSTALL STARTER PER AMM TASK 80-11-01-400-801-F00 
1-3.  参考AMM TASK 80-11-01-400-801-F00做起动机安装测试. 
DO A STARTERINSTALLATION TEST PER AMM TASK 80-11-01-400-801-F00 
",FAIL  
73N,73N00731,2652    ,DE    ,3505945-12              ,GRTF3657        ,STARTER ASSY                                                ,3505945-10              ,GRTA7849        ,2015-03-12,2015-03-13,80    ,15275:36,7954,15278:47,7956,03:11,AMECO,03:11,2,"哈尔滨起动右发无N2指示,后尝试起动正常机组","  航后依据AMM80-11更换右发起动活门,起动机后试车正常.张学文AF refer to AMM80-11 replace right engine start valve,starter,test ok挂签号3010108,4060847",FAIL  
73N,73N02611,5835    ,DE    ,3505945-10              ,GRTA9789        ,(AOG)（不完全禁订禁用）STARTER ASSY                         ,3505945-12              ,GRTF8061        ,2013-12-08,2015-02-28,8011  ,16439:18,7932,20433:45,10029,3994:27,AMECO,3994:27,2097,左发起动机叶片断裂.许宗亮LH ENG starter was broken.,"    依据AMM80-11-01更换左发起动机并完成滑油系统,更换系统回油,测试正常.许宗亮Refer AMM80-11-01 replace LH ENG starter and accomplish flush OIL SYSreplace the filter elements engine turnup test ok.滤芯      QA06422",FAIL  
73N,73N02433,5337    ,DE    ,3505945-12              ,GRTF0607        ,STARTER ASSY                                                ,3505945-12              ,GRTA9998        ,2014-07-25,2014-12-24,73    ,21428:58,10794,22538:39,11366,1109:41,AMECO,1109:41,572,FROM FLB10829318B,"     航后依据AMM80-11-01-000/400-801更换启动机,并试车,未试车验证.陈彦学AF refer AMM80-11-01-000/400-801 replace the starter and run theengine not complete .封圈：S3225-160封圈：S3225-222封圈（2个）：M83248-1-008",FAIL  
73N,73N02046,5439    ,DE    ,3505945-10              ,GRTF3120        ,(AOG)（不完全禁订禁用）STARTER ASSY                         ,3505945-12              ,GRTF1856        ,2014-12-01,2014-12-01,80    ,14888:00,7402,14888:00,7402,00:00,AMECO,2132:23,987,,  执行MAOTS711176 更换右发并完成相关测试，结果符合手册要求。carry out MAOTS711176 replace the R/H engine and do the related testthe result the manual.,FAIL  
73N,73N00972,2159    ,DE    ,3505945-9               ,GRTA2490C       ,(AOG)STARTER ASSY                                           ,3505945-12              ,GRTF3640        ,2011-10-22,2014-05-22,80    ,36867:28,17629,45073:41,21759,8206:13,珠海摩天宇,22799:08,11577,过站左发无法起动。刘明明 TR  left engine can't starter 。,"   航后检查发现左发起动机有金属屑，更换左发起动机测试正常 无渗漏。刘明明挂签号4092696 AF find left engine starter damaged referenceAMM80-11-01。 
拆下件标牌破损丢失，器材件序号从系统中获取。",FAIL  
73N,73N03186,5503    ,DE    ,3505945-10              ,GRTF1210        ,(AOG)（不完全禁订禁用）STARTER ASSY                         ,3505945-12              ,GRTA1960C       ,2014-04-22,2014-04-30,80    ,00:00,0,77:25,43,77:25,,, ,,"   航后为完成借件拆还,依据AMM80-11-01-000-801-F00更换左发起动机.试车测试正常.章亮AF ORDER TO ACCOMPLISHED BORROW TO RETURN THE PART SO REFAMM80-11-01-000-801-F00 REPLACE THE ENG1 STARTER DO POWER TO TEST OK",FAIL  
73N,73N02611,5835    ,DE    ,3505945-12              ,GRTA7876        ,STARTER ASSY                                                ,3505945-12              ,GRTA7931        ,2014-04-13,2014-04-16,8011  ,00:00,0,29:59,15,29:59,,, ,,"   AF 依据AMM80-11-01完成右发启动机借件拆还工作,试车无渗漏,卡箍正常. AFrefer to AMM80-11-01 accomplished RH ENG starter replacement testok.clamp is ok. 洪永锋 RII 黄长辉 seal:s3225-222 s3225-160FL10775953B 补录件号.SEAL: M83248-2-905	",SCH   
73N,73N02433,5337    ,DE    ,3505945-10              ,GRTF0521        ,(AOG)（不完全禁订禁用）STARTER ASSY                         ,3505945-12              ,GRTF1013        ,2007-10-30,2014-01-10,80    ,00:00,0,20476:28,10430,20476:28,,, ,机组反映右发启动不成功.机组,"  拆下起动机,检查起动机内轴断裂,依据AMM80-11-01,更换右发起动机.试车测试正常.何永华 Checked the starter was failure referred toAMM80-11-01 replaced the starter running test ok",FAIL  
73N,73N00515,5081    ,NRC   ,3505945-10              ,GRTA9789        ,(AOG)（不完全禁订禁用）STARTER ASSY                         ,3505945-12              ,GRTF2264        ,2012-04-26,2013-10-06,80    ,11479:58,5587,16439:18,7932,4959:20,武汉航达,4959:20,2345,"检查右发起动机磁堵有中等数量尺寸小于0.1inch的金属屑,如工卡中C图所示
Check right engine starter magnetic chip detector for metal chips,referfigure C of jobcard.","        1
1-1.  依据AMM80-11-01-000-801-F00 拆下右发起动机.
Refer to AMM80-11-01-000-801-F00 removed right enigne starter. 
1-2.  依据AMM80-11-02-000-801-F00 拆下右发起动机QAD转接器.
Refer to AMM80-11-01-000-801-F00removed right enigne starter QAD adapter. 
1-3.  依据AMM80-11-02-000-801-F00 安装右发起动机QAD转接器.
Refer to AMM80-11-01-000-801-F00 installed right enigne starter QAD adapter. 
1-4.  依据AMM80-11-02-00-801-F00 安装新的右发起动机.
Refer to AMM80-11-01-400-801-F00 installed anew enigne starter. 
1-5.  依据AMM80-11-01-00-801-F00 测试正常.
Referto AMM80-11-01-400-801-F00 test OK. 
",FAIL  
73N,73N01170,2676    ,DE    ,3505945-10              ,GRTF7162S       ,(AOG)（不完全禁订禁用）STARTER ASSY                         ,3505945-12              ,GRTF7768S       ,2013-08-27,2013-08-29,80    ,00:00,0,19:27,9,19:27,,, ,,"  航后依据AMM80-11-01更换左发启动机,试车检查正常,无渗漏.赵怀彪 倪震靖PACKING:S3225-160/222 AF refer to AMM80-11-01 replace starter of NO.1ENG test ok,does not find leakage.",FAIL  
73N,73N01170,2676    ,DE    ,3505945-9               ,A3156C          ,(AOG)STARTER ASSY                                           ,3505945-10              ,GRTF7162S       ,2006-10-09,2013-08-27,72    ,7725:11,3861,30172:10,15290,22446:59,武汉航达,22446:59,11429,深圳过站机组反映左发启动不成功，，袁帅Szx tr crew asid the LH eng start fail,       深圳航后检查左发起动机磁堵发现大量金属屑依据手册AMM80-11-010 更换左发，试车检查无滑油渗漏，启动正常，检查前货收油池磁堵干净无杂质，袁帅Szx af check the starter magnetis plug and find more metalCheck the AGB TGB normal refer to AMM 80-11-01 replaced \the LH ENG starter test okPacking :S 3225-222Packing:S 3225-160Packing:M 83248-2-905,FAIL  
73N,73N02097,5182    ,NRC   ,3505945-9               ,GRTA4991C       ,(AOG)STARTER ASSY                                           ,3505945-11              ,GRTA5141C       ,2013-08-25,2013-08-25,80    ,41298:24,25526,41298:24,25526,00:00,SR,10355:57,7717,"执行MAOTS710910，因新发缺起动机，从旧发上串起动机。检查发现起动机漏油，安装新起动机。 
ROB THE STARTER FROM THE REMOVAL ENG TO THE NEW ENGFOR LACK OF IT REF TO MAOTS710910 .CHECKED AND FOUND A LEAKGE OF THESTARTER,INSTALL THE NEW STARTER .","    1
1-1.  参考AMM TASK 80-11-01-000-801-F00拆下起动机. 
REMOVE STARTERPER AMM TASK 80-11-01-000-801-F00 
1-2.  参考AMM TASK 80-11-01-400-801-F00安装起动机. 
INSTALL STARTER PER AMM TASK 80-11-01-400-801-F00 
1-3.  参考AMM TASK 80-11-01-400-801-F00做起动机安装测试. 
DO A STARTERINSTALLATION TEST PER AMM TASK 80-11-01-400-801-F00 
",FAIL  
73N,73N03038,5478    ,DE    ,3505945-10              ,GRTA7868        ,(AOG)（不完全禁订禁用）STARTER ASSY                         ,3505945-12              ,GRTF7157S       ,2013-08-09,2013-08-10,8011  ,00:00,0,10:44,4,10:44,,, ,,"   航后完成借件拆换工作,依据AMM80-11-01更换右发启动机,测试无渗漏,试车正常.      陆思名AF accomplish bornow part strike to storeroom work refer toAMM80-11-01 replace startir engine test no leak   封圈P/N  S3225-222",SCH   
73N,73N03038,5478    ,DE    ,3505945-10              ,GRTF3120        ,(AOG)（不完全禁订禁用）STARTER ASSY                         ,3505945-10              ,GRTA7868        ,2009-09-22,2013-08-09,80    ,00:00,0,12755:37,6415,12755:37,,, ,航后检查发现右发启动机叶片六点钟位置有滑油.  杜艳辉 AF found rightengine starter vane six clock position have oil,"  航后更换右发启动机,并完成相关测试无渗漏,结果正常.  杜艳辉 AF replaceright engine starter and do function test no leakage the result isnormal.  3505945-10   GRTF3120   GRTA7868",FAIL  
73N,73N04171,5687    ,DE    ,3505945-10              ,GRTA5729        ,(AOG)（不完全禁订禁用）STARTER ASSY                         ,3505945-12              ,GRTA9332        ,2013-04-25,2013-06-06,8011  ,00:00,0,402:43,204,402:43,,, ,,"     航后完成MCO完成借件拆还依据AMM80-11-01更换右发起动机,拆下件办可用退航材,试车N1=70%持续5分钟,测试无渗漏,工作正常.苏国君AF accomplished MCO refered to AMM80-11-01 replaced the starter forR engine the removed part back to and sart engine to N1=70% andremain five minutes is ok no leakage found.封圈:S3225-222   S3225-160     M83248-2-905",SCH   
73N,73N03647,5580    ,DE    ,3505945-9               ,GRTA5151C       ,(AOG)STARTER ASSY                                           ,3505945-12              ,GRTF2780        ,2013-05-15,2013-06-03,80    ,00:00,0,164:09,95,164:09,,, ,,"     航后依据AMM80-11-01-000-801-F00和AMM80-11-01-400-801-F00完成右发启动机的借件拆还，并完成试车，检查无渗漏。刘建亮，张伟，挂签号3002622AF refer to AMM80-11-01-000-801-F00 accomplished the starter replacedof the right engine,and idle-power not leak封圈S3225-222,M83248-1-008,S3225-160M83248-2-905",SCH   
73N,73N02155,5710    ,DE    ,3505945-10              ,GRTA9449        ,(AOG)（不完全禁订禁用）STARTER ASSY                         ,3505945-12              ,GRTA2061C       ,2007-01-06,2013-05-14,80    ,00:00,0,18009:45,9741,18009:45,,, ,过站机组反映右发起动不成功.杨旭 TR the crew report RH engine fails tostart,"       过站检查引气压力和右发发动机起动活门均正常,拆下起动机磁堵正常无异物,依据AMM80-11-01拆下右发起动机,检查发现起动机部件失效.杨旭 TR checkthe start valve and bleed air are normal,the magnetic chip of startis normal,refer to AMM80-11-01 remove the starter of RH engine checkfind the starter doesn't work FLB10633108A航后依据AMM80-11-01更换右发起动机,测试右发启动正常,试车正常.刘飞,赵卫国,罗超 AF refer to AMM80-11-01 replace the rightengine starter,test ok 封圈S3225-160,S3225-222",FAIL  
73N,73N01273,5248    ,DE    ,3505945-10              ,GRTA7849        ,(AOG)（不完全禁订禁用）STARTER ASSY                         ,3505945-12              ,GRTA7780        ,2013-01-10,2013-04-27,80    ,20731:55,10330,21688:37,11200,956:42,武汉航达,956:42,870,," 航后依据AMM80-11更换右发起动机,测试正常.赵惠AF refer to AMM80-11 replace the R engine starter test is ok",FAIL  
73N,73N00587,5082    ,NRC   ,3505945-10              ,GRTA7849        ,(AOG)（不完全禁订禁用）STARTER ASSY                         ,3505945-11              ,GRTA5080C       ,2012-09-14,2012-11-06,8011  ,20289:35,10115,20731:55,10330,442:20,武汉航达,442:20,215,"检查左发起动机磁堵有中等数量尺寸小于0.1inch的金属屑,如工卡中C图所示
Check left engine starter magnetic chip detector for metal chips,referfigure C of jobcard.","     1
1-1.  依据AMM80-11-01-000-801-F00 拆下左发起动机.
Refer to AMM80-11-01-000-801-F00 removed left enigne starter.  
1-2.  依据AMM80-11-01-00-801-F00 安装左发起动机.
Refer to AMM80-11-01-400-801-F00 installedleft enigne starter.  
1-3.  依据AMM80-11-01-00-801-F00 测试正常.
Refer to AMM80-11-01-400-801-F00 test OK.  
王冰冰",SCH   
73N,73N01832,5138    ,DE    ,3505945-10              ,GRTA6199        ,(AOG)（不完全禁订禁用）STARTER ASSY                         ,3505945-11              ,GRTA2458C       ,2012-11-01,2012-11-01,80    ,33784:17,25028,33784:17,25028,00:00,SSAMC,17670:48,11006,,  执行MAOTS710781 更换左发并完成相关测试，测试结果符合手册要求。宋冰华Carried out MAOTS710781 replacement of L/H ENGINE and do related testthe result is according with manual.,FAIL  
73N,73N02265,5409    ,DE    ,3505945-10              ,GRTA9081        ,(AOG)（不完全禁订禁用）STARTER ASSY                         ,3505945-12              ,GRTA8149        ,2012-08-24,2012-09-02,80    ,19690:28,9791,19772:40,9843,82:12,北京丰荣,9064:35,4676,航后检查发现右发起动机磁堵有大量金属屑.黄春盛 AF check and find the Rengine MCD has many metal,"  航后依据AMM80-11拆下起动机及其安装底座详细检查QAD适配器无金属屑并更换起动机,试车测试正常,挂签号:2008582.黄春盛 AF refer to AMM80-11replace the R engine starter run ENG test is ok",FAIL  
73N,73N04063,5663    ,DE    ,3505945-10              ,GRTF6781        ,(AOG)（不完全禁订禁用）STARTER ASSY                         ,3505945-12              ,F6634           ,2012-05-23,2012-08-11,80    ,00:00,0,461:05,248,461:05,,, ,,   航后根据工卡AMM80-11-01更换右发起动机试车测试正常。挂签号:3013867昝飞 张翔AF refer to job card AMM80-11-01 replace the R engine starter andtest ok,FAIL  
73N,73N01796,5136    ,DE    ,3505945-10              ,GRTA7849        ,(AOG)（不完全禁订禁用）STARTER ASSY                         ,3505945-12              ,GRTA7294        ,2005-10-11,2012-07-13,80    ,00:00,0,20289:35,10115,20289:35,,, ,洗发时发现左发启动机排气格栅有滑油渗漏张欢欢The starter of LH engine had oil leaking from the air drain,"   依据AMM80-11-01更换左发启动机,试车检查无渗漏张欢欢,挂签号0011479Refer to AMM80-11-01 replaced the starter of LH engine and thereisn't leaking when do engine ground run",FAIL  
73N,73N01649,5115    ,DE    ,3505945-10              ,GRTA9651        ,(AOG)（不完全禁订禁用）STARTER ASSY                         ,3505945-12              ,GRTA8033        ,2012-05-01,2012-05-03,8011  ,00:00,0,07:52,4,07:52,,, ,,"  航后由于借件拆还根据AMM80-11--01更换右发起动机运转右发起动机测试正常.黄腾光AF due to return it to other company,replace the starter of RHeingine,running RH engine,test is normal.",SCH   
73N,73N01832,5138    ,DE    ,3505945-10              ,A6206           ,(AOG)（不完全禁订禁用）STARTER ASSY                         ,3505945-12              ,A4476C          ,2012-01-16,2012-01-21,73    ,00:00,0,50:47,29,50:47,,, ,,   航后完成工卡MAOTG800005更换右发起动机参考AMM80-11-01试车测试正常.方大平AF complete MAOTG800005 REFER TO AMM80-11-01 replace the right ENGstarter ENG run test no leak found,FAIL  
73N,73N01805,5137    ,DE    ,3505945-10              ,GRTA9789        ,(AOG)（不完全禁订禁用）STARTER ASSY                         ,3505945-12              ,GRTA5113C       ,2010-03-12,2011-09-29,72    ,6622:38,3129,11479:58,5587,4857:20,武汉航达,4857:20,2458,完成工卡73N-80-010-02时发现右发起动机磁堵有大量金属屑 李鹏 There aremany magnetic particles of RH ENG starter when do the subtask73N-80-010-02,"  依据AMM80-11-01更换右发起动机，依据AMM80-11-01做渗漏测试李鹏，封圈AS3209-222,S3225-160,AS3581-905 Refer to AMM80-11-01replace the starter of RH ENG,do the run test to check the leakage",FAIL  
73N,73N02981,5481    ,DE    ,3505945-10              ,GRTF2759        ,(AOG)（不完全禁订禁用）STARTER ASSY                         ,3505945-12              ,GRTA7787        ,2009-07-16,2010-08-24,80    ,00:00,0,3656:42,1841,3656:42,,, ,航前起动左发时起动机冒白烟. 郑兆勇 PF start the left engine thestarter have smoke,"      更换左发起动机,检查前收油池磁堵,后收油池磁堵. AGB/TGB磁堵,更换滑油油滤,未发现金属屑,符合工卡要求. 挂签号 9011127 TAG NO: 9011127 郑兆勇必检签署  孙国宾 FLB10411915A Replace the left engine starter checkthe forward sump AFT sump AGB/TGB magnetic chip detector not foundmetal particles replace the engine oil filter not found metalparticles satisfaction the AMM.  封圈 S3225-160  封圈 S3225-222  封圈J221P027 9EA 油滤 QA06422  封圈  AS3209-239",FAIL  
73N,73N02046,5439    ,DE    ,3505945-10              ,GRTA7116        ,(AOG)（不完全禁订禁用）STARTER ASSY                         ,3505945-12              ,GRTA7787        ,2010-03-13,2010-03-14,80    ,00:00,0,11:03,7,11:03,,, ,,"  因借件拆还，依据AMM80-11-01更换左发起动机，试车测试无渗漏。吴国泰Replace LH engine starter refer to AMM80-11-01 due to spare,testnormal,no leakage.",FAIL  
73N,73N01511,5246    ,NRC   ,3505945-10              ,GRTA6534        ,(AOG)（不完全禁订禁用）STARTER ASSY                         ,3505945-9               ,GRTA4991C       ,2008-10-17,2010-02-27,80    ,00:00,0,20627:22,7346,20627:22,,, ,检查发现右发起动机涡轮室排放口有大面积滑油渗漏.Examine the R/H ENG STARTER exhaust housing diffuser FOUND A LARGE OFwet areas with oil.,"     1.参考AMM80-11-01/401更换起动机. REPLACE  STARTER  REF TO AMM80-11-01/401MINPRII2.参考AMM71-00-00/501做起动机安装渗漏测试,并确保测试结果符合手册要求.DO A STARTER INSTALLATION LEAKAGE TEST PER AMM71-00-00/501，AND MAKE SURE THE RESULT IAW THE MANUAL.MINPRII挂签号：9015048 工作者：曹哲",FAIL  
73N,73N00515,5081    ,DE    ,3505945-9               ,GRTA4991C       ,(AOG)STARTER ASSY                                           ,3505945-10              ,GRTF0456        ,2007-06-14,2009-12-24,72    ,21664:06,12963,30942:27,17809,9278:21,武汉航达,9278:21,4846,地面二发起动电门地面位N2指0。,  海口过站依据AMM80-11-01完成右发起动机的更换试车检查无渗漏。周永文TR referred to AMM80-11-01 replaced the right starter run up test forno leakage.,FAIL  
73N,73N02097,5182    ,DE    ,3505945-10              ,GRTF0456        ,(AOG)（不完全禁订禁用）STARTER ASSY                         ,3505945-9               ,GRTA3469C       ,2008-07-31,2009-11-19,80    ,00:00,0,4539:50,2286,4539:50,,, ,航后检查发现右发起动机排气格栅处挂有滑油油滴，风扇包皮处有滑油油迹AF CHECK THE RH STARTER EXHAUST GRILL HAS OIL DROPS.黄长辉,   依据AMM80-11-01更换右发起动机，试车检查无渗漏。AF REFER TOAMM80-11-01 TO REPLACE THE RH ENG STARTER .RUN RH ENG CHECK NOLEAKAGE .串件单：3171844.黄俊誉RII:何炬SEAL:S3225-160  S3225-222 AS3209-008 2EA,SWAP  
73N,73N02073,5181    ,DE    ,3505945-10              ,GRTA9081        ,(AOG)（不完全禁订禁用）STARTER ASSY                         ,3505945-12              ,GRTA2669C       ,2006-09-28,2009-09-17,80    ,00:00,0,10708:05,5167,10708:05,,, ,航后检查发现左发起动机漏油AF CHECK FIND LEFT ENGINE STARTER LEAKAGE,"  依据AMM80-11-01更换,试车验证结果正常.挂签号9524741REFER TO AMM80-11-01 REPLACE IT ENGINE RUN IN THE RESULT IS NORMAL王晓宇",FAIL  
73N,73N00551,5089    ,DE    ,3505945-10              ,GRTA8240        ,(AOG)（不完全禁订禁用）STARTER ASSY                         ,3505945-11              ,GRTA2396CC      ,2008-03-06,2008-06-14,72    ,5058:28,2954,5949:28,3353,891:00,武汉航达,891:00,399,,   FROM MAOTS800008更换5089左发起动机。钱清Replace the 5089's left engine.,FAIL  
73N,73N01170,2676    ,DE    ,3505945-9               ,GRTA4624C       ,(AOG)STARTER ASSY                                           ,3505945-12              ,GRTA1602C       ,2008-01-20,2008-01-21,72    ,00:00,0,14:09,7,14:09,,, ,,  航后完成更换起动机。张扬挂签号：0005134封圈：S3225-160;  S3225-160   ;   M83248-2-905,SCH   
73N,73N00230,5091    ,DE    ,3505945-9               ,GRTA4991C       ,(AOG)STARTER ASSY                                           ,3505945-11              ,GRTA4331C       ,2005-01-02,2007-04-19,80    ,13741:47,8066,21664:06,12963,7922:19,,, ,," 航后完成工卡EOCOM-80-003起动机送修(右发),试车检查起动机无滑油及空气渗漏.(涂敏刚)",SCH   
73N,73N00103,2637    ,DE    ,3505945-10              ,GRTA6161        ,(AOG)（不完全禁订禁用）STARTER ASSY                         ,3505945-11              ,GRTA4592C       ,2006-04-19,2007-01-29,8011  ,7145:29,4427,10067:14,5885,2921:45,,, ,右发起动机有油迹,    完成QZ-H80-11-01-002检查右发起动机有无滑油渗漏，检查有轻微油迹。磁堵有少许金属屑，未超标，冷转检查无渗漏。办DD2026283.陈维波TLB10215826航后完成撤DD2026283，更换起动机，依据AMM80-11-01，试车检查正常。胡鹏挂签号：0005478,FAIL  
73N,73N00551,5089    ,DE    ,3505945-9               ,GRTA3469C       ,(AOG)STARTER ASSY                                           ,3505945-12              ,GRTA1602C       ,2004-03-03,2006-10-13,80    ,00:00,0,8907:12,5419,8907:12,,, ,,  完成QZ-H80-11-01-001检查左发起动机有无滑油渗漏检查结果起动机周围有滑油油迹，并在冷转时油冒蓝烟现象，依据AMM80-11-01更换左发起动机，试车检查正常。朱建军 串件单3169571,FAIL  
73N,73N01170,2676    ,NRC   ,3505945-9               ,A3168C          ,(AOG)STARTER ASSY                                           ,3505945-12              ,A5064C          ,2005-04-29,2006-10-01,80    ,00:00,0,5315:25,2513,5315:25,,, ,检查发现右发起动机涡轮室排放口有大面积滑油渗漏.Examine the RH ENG STARTER exhaust housing diffuser FOUND wet areas with oil.,   1.参考AMM80-11-01更换起动机. REPLACE  STARTER  REF TO AMM80-11-01动力RII2.参考AMM71-00-00做起动机安装渗漏测试.DO A STARTER INSTALLATION LEAKAGE TEST PER AMM71-00-00动力RII,FAIL  
73N,73N00067,2636    ,DE    ,3505945-9               ,A3156C          ,(AOG)STARTER ASSY                                           ,3505945-11              ,GRTA4591C       ,2004-06-17,2006-08-22,80    ,13:16,3,7725:11,3861,7711:55,,, ,,  航后完成工卡QZ-H80-11-01-001检查左发起动机有无滑油渗漏，结果有渗漏。据AMM80-11-01更换左发起动机，试车检查无渗漏N1=72.0。杨清华P/N:S3225-160 S3225-222  M83248-2-905 挂签：0001845,FAIL  
73N,73N00477,5080    ,DE    ,3505945-9               ,GRTA5043C       ,(AOG)STARTER ASSY                                           ,3505945-12              ,A4476C          ,2004-03-12,2006-05-05,80    ,00:00,0,7690:18,4724,7690:18,,, ,"起动一发时，活门不开，N2不上升，机组完成发动机中止启动检查单，机务要求换另一侧点火再次起动，活门不开，N2不上升，机组中止启动,完成中止起动检查单，机务在地面起动活门开位，再次起动，活门开位,N2不上升，机组中止启动，完成中止启动检查单，后关2发没飞机拉回停机位。赵庆良",过站据AMM80-11-01更换左发起动机，试车测试左发工作正常。袁宇,FAIL  
73N,73N00230,5091    ,DE    ,3505945-10              ,A1660CC         ,(AOG)（不完全禁订禁用）STARTER ASSY                         ,3505945-12              ,GRTA2399CC      ,2004-11-23,2006-01-11,80    ,00:00,0,3968:29,2538,3968:29,,, ,航后完成工卡QZ-H80-11-01-001时发现左发起动机有滑油渗漏现象。石祥涛,  航后根据AMM80-11-01更换左发起动机试车测试起动机无渗漏。挂签：1002224何永华,FAIL  
73N,73N00163,5061    ,DE    ,3505945-9               ,GRTA2669C       ,(AOG)STARTER ASSY                                           ,3505945-11              ,A3166C          ,2003-09-06,2005-12-16,80    ,00:00,0,20194:03,12068,20194:03,,, ,航后检查发现左发起动机漏滑油。肖永民,  根据MM80-11-01-000-801-F00更换左发起动机，并试车检查工作正常，无渗漏肖永民P/N:AS1895-7-325 S3225-160 S3225-222,FAIL  
73N,73N00577,5090    ,DE    ,3505945-9               ,GRTA1514C       ,(AOG)STARTER ASSY                                           ,3505945-12              ,GRTA4600CC      ,2003-06-16,2005-06-07,80    ,00:00,0,10905:59,10728,10905:59,,, ,,       航后完成工卡QZ-80-010-02-00检查右发起动机磁堵-发现磁堵上有大量的金属屑，决定更换起动机拆除起动机后发现花键腔内有金属屑，目视检查起动机轴承无损伤，AGB花键腔无损伤，根据AMM79-00-00-200-801-F00完成发动机滑油回路检查，发现AGB/TGB磁堵上有三圈金属屑，发动机滑油滤内无金属屑经排放发动机滑油并冲洗后根据AMM80-11-01安装新的起动机经20分钟慢车后检查AGB/TGB磁堵仍有二圈金属屑，（三份）已送京检测，检验结果后处理。王强P/N：M83248-1-008J221P028,SCH   
73N,73N01191,2677    ,DE    ,3505945-9               ,A16590C         ,(AOG)STARTER ASSY                                           ,3505945-11              ,GRTA4760C       ,2002-08-13,2005-03-29,80    ,00:00,0,9251:54,4726,9251:54,,, ,,  接海口技术组邮件通知航后检查右发起动机磁堵，经检查磁堵上有金属屑，更换右发起动机，试车测试正常，检查无渗漏，检查磁堵无金属屑张文利，挂签号0001794，封圈件号M83248-1-008(2个）,FAIL  
73N,73N00577,5090    ,DE    ,3505945-9               ,A3156C          ,(AOG)STARTER ASSY                                           ,3505945-11              ,GRTA5141C       ,2004-04-07,2004-04-16,80    ,00:00,0,13:16,3,13:16,,, ,起动二发过程中机务发现右发冒烟. 张健," 过站依据AMM80-11-00更换右发起动机,并作测试,符合手册要求,无滑油渗漏(冒烟时,确认为右发起动机漏滑油). 挂签号001573   王强",FAIL  
