机型,制造序列号,机号,参考类型,指令类型,件号,序号,章节号,非计划,故障确认,拆换原因,安装日期,部件装上飞行小时数,部件装上飞行循环数,部件装上使用小时数,部件装上使用循环数,拆换日期,部件拆下飞行小时数,部件拆下飞行循环数,部件拆下使用小时数,部件拆下使用循环数,故障描述,部件本次装机使用小时,故障处理,部件本次装机使用循环,装上件号,装上序号,最近送修公司,CYTSN,FHTSN,送修至拆下时间/FH,送修至拆下时间/CY,件号描述,DEF#,TLB号
73N,73N05655,6995,DE,CC,67600014-1,67600014-5018,21,X,X,FAIL,2015-10-27,00:00,0,00:00,0,2016-04-18,1347:24,666,1347:24,666,FROMFLB00004950B,1347:24,"航后恢复MEL21-05中的M项,并依据AM21-51-21更换左侧冲压空气进气门作动筒器,自检ZTC无故障信息,开空调运行正常,关闭DD201609798AFremovetheMitemofMEL21-05andreferAMM21-51-21replacetheFLB00005285BleftrainairenletactuatorandbiteZTCnofaultoperationpackFLB00005285BworkcloseDD201609798",666,67600014-1,67600014-760,,7396,16106.31,,,ACTUATOR-RAMAIR,3958177,00005285
73N,73N05645,1482,DE,CC,67600014-1,67600014-4839,21,X,X,FAIL,2015-10-19,00:00,0,00:00,0,2018-11-11,9030:58,5874,9030:58,5874,右组件跳开机组,9030:58,"过站依据MEL21-01-01-01放行飞机无M,项有O项,提醒机组O项KWE机务FLB00007920A航后自检ZTC2有SRADRexit信息,依据AMM21-51-27右组件冲压空气排气作动器,完成相关测试自检ZTC.无信息,检查TCV和STCV活门无渗漏AFbiteztc2havesradrexitmessagereferAMM21-51-27replacerhpackramairexchaustactuatortestokbiteztcnomessagetcvstcvnoleakage屈永辉",5874,67600014-1,67600014-5623,,4013,7650.02,,,ACTUATOR-RAMAIR,6786320,00007920
73N,73N05695,7198,DE,CC,67600014-1,67600014-5150,21,X,X,FAIL,2015-11-30,00:00,0,00:00,0,2017-12-21,6419:58,2749,6419:58,2749,FROMFLB000105634,6419:58,"航后依据MEL21-05恢复M项,依据AMM21-51-27更换右侧冲压空气出口作动筒,测试正常.关闭DD201739282吴江AFREFERTOMEL21-05RECOVERMITEMREFERTOAMM21-51-27REPLACERIGHTRAMAIREXHAUSTACTUATORTESTNORMALCLOSEDDD201739282",2749,67600014-1,67600014-909,,5831,11475.4,,,ACTUATOR-RAMAIR,5643636,00010566
73N,73N05695,7198,DE,CC,67600014-1,67600014-909,21,X,X,FAIL,2017-12-21,6419:58,2749,8552:41,4278,2018-01-16,6622:57,2836,8755:40,4365,FROMFLB00015393B,202:59,航后依据AMM21-51-27更换右组件冲压出口作动器.测试ZTC未有故障信息.关闭DD201801419.杨盛林AFREFERTOAMM21-51-27REPLACEDRPACKMAINAIREXHAUSTACTUTORTESTZTCNOFAULTEXCHANGECLOSEDDD201801419,87,67600014-1,67600014-1246,HONEYWELL,96,216.12,202:59,87,ACTUATOR-RAMAIR,5732739,00015419
73N,73N05703,1483,DE,CC,67600014-1,67600014-5184,21,X,X,FAIL,2015-12-02,00:00,0,00:00,0,2018-03-09,6202:41,4133,6202:41,4133,再现时有组件灯亮HIA机务,6202:41,"过站依据MEL21-32放行HIA机务FLB:00015717B航后依据AMM21-61-20更换ZTC2依据AMM21-51-27更换右组件冲压出气作动筒,测试正常AFrefertoAMM21-61-20repalceZTC2refertoAMM21-51-27replacerightpackramairexhaustactuatortetsok吴昊67600014-1/67600014-5184ON;67600014-1/67600014-1585",4133,67600014-1,67600014-1585,,6763,12447.44,,,ACTUATOR-RAMAIR,5925873,00015716
73N,73N05760,1568,DE,CC,67600014-1,67600014-5461,21,X,X,FAIL,2016-01-21,00:00,0,00:00,0,2016-08-20,330:42,131,330:42,131,FROMFLB00016602A,330:42,"航后完成DD201622216依据AMM21-51-21/401更换左组件关压进口作动器,测试正常,关闭DD恢复M项.韩杰S/N67600014-809AFaccomplishedDD201622216referAMM21-51/401replaceleftpackairactnatortestisokclesdDDrestrortheMproject",131,67600014-1,67600014-809,,6072,13684.13,,,ACTUATOR-RAMAIR,4264491,00016613
73N,73N05612,7105,DE,CC,67600014-1,67600014-4801,21,X,X,FAIL,2015-09-30,00:00,0,00:00,0,2017-10-27,6660:27,3312,6660:27,3312,过站检查发现左组件再现时亮.TYN机务TRCheckthattheleftcomponentisdisplayedwhenitislit.,6660:27,"地面检查可复位,阅读左ZTC1代码EXIT,按MEL21-32放行.TYN机务Groundcheckcanbereset,readleftZTC1codeEXIT,pressMEL21-32DISPATCHFLB00019125航后自检左右组件ZTC有左组件SRADAEXIT信息,再现时左组件灯亮可复位依据FIM21-62TASK853和AMM21-51-21更换左组件冲压进口作动器,测试正常再现组件灯不亮.纪晓明AFSelf-testleftandrightcomponentsZTChasleftcomponentSRADAEXITinformation,whentheleftpartofthelightcanberesetcanberesetaccordingtoFIM21-62TASK853andAMM21-51-21replacetheleftcomponentstampinginletactuator,testthenormalreproductionofthecomponentlightdoesnotshine.",3312,67600014-1,67600014-5676,,847,1585.45,,,ACTUATOR-RAMAIR,5462768,00019122
73N,73N05612,7105,DE,CC,67600014-1,67600014-961,21,X,X,FAIL,2017-09-03,6296:53,3108,10568:33,5343,2017-12-28,7119:48,3533,11391:28,5768,,822:55,"FROMFL00024134B航后依据AMM21-51-27更换冲压排气作动器,恢复M项测试正常撤除DD201739901尚超AFREFTOAMM21-51-27REPALCEDEXITSRADAFINSIEHDMITEMRENOVED",425,67600014-1,67600014-880,HONEYWELL,7836,15425.1,822:55,425,ACTUATOR-RAMAIR,5668518,00024142
73N,73N05655,6995,DE,CC,67600014-1,67600014-3159,21,X,X,FAIL,2018-06-15,8279:56,3689,6944:53,3707,2019-01-29,10405:52,4549,9070:49,4567,空中右组件灯再现亮邹海涛ONTHEAIRTHEAIRCRAFTRPACKLIGHTISONFLB00029474B空中右组件pack灯亮陶永宁THEAIRCRAFTRPACKLIGHTON,2125:56,过站自检ZTC有INLET信息，依据MEL21-32放行，无M项，有O项贴不工作标牌邹海涛TRBITETHEZTCHAVEAINLETMESSAGEREFERTOMEL21-32RELEASEDNOTMITEMHAVEOITEMTAPETHEINOPCARDFLB00029474B航后自检ZTC无信息，更换右组件进口作动器，测试正常陶永宁AFBITEZTCNOMESSAGEREPLACERASSYINLETACTUATORTESTOK,860,67600014-1,67600014-1369,HONEYWELL,7225,13838.58,2125:56,860,ACTUATOR-RAMAIR,7064762,00029472
73N,73N05655,6995,DE,CC,67600014-1,67600014-4997,21,X,X,FAIL,2015-10-27,00:00,0,00:00,0,2019-02-16,10554:43,4607,10554:43,4607,监控右组件跳开自检ZTC2有SRADAEXIT信息.李腾MONITORRIGHTCOMPONENTTOBITEZTC2SRADAEXITMESSAGE,10554:43,"过站将冲压空气入口调节系统解除工作在飞行位,出口调节系统解除工作位,依据AMM21-00-001901办理DD201906340依据MEL21-05李腾邓刚TRREMOVETHERAMAIRINLETCONTROLSYSTEMTHEFLIGHTOPENPOSITIONANDTHEOUTLETCONTROLSYSTEMFROMTHEFLIGHTOPENPOSITIONREFERFLB00042423B自检ZTC无信息,检查供电正常,依据AMM21-51-27更换右组件冲压出口作动器,测试正常.关闭DD201906340仝伟DOAZTCTESTHASNOTMESSAGECHECKSUPPLYPOWERISNORMALREFERTOAMM21-51-27REPLACEACTUATORTESTOK",4607,67600014-1,67600014-10553,,890,1740.53,,,ACTUATOR-RAMAIR,7128135,00029580
73N,73N05695,7198,DE,CC,67600014-1,67600014-5598,21,,,SCH,2018-02-06,6819:00,2920,00:00,0,2018-04-04,7320:23,3135,501:23,215,,501:23,航后更换右组件冲压排气作动器.完成借件拆还.史龙AFREPLACEDTHERHCONDITIONRAINAIREXOUSTACTUOTORRETURETHEOLDACTUATOR,215,67600014-1,67600014-5066,,4665,9779.11,,,ACTUATOR-RAMAIR,6014144,00031295
73N,73N05695,7198,DE,CC,67600014-1,67600014-1246,21,X,X,FAIL,2018-01-16,6622:57,2836,00:00,0,2018-02-06,6819:00,2920,196:03,84,FROMFLB00015216B,196:03,"航后依据AMM21-51-27更换右组件冲压排气作动器,关闭DD201804099测试正常李维昂AFREFERTOAMM21-51-27REPLACERIGHTRAMAIREXHAUSTACTUATORCLOSEDD201804099TETSISNORMAL",84,67600014-1,67600014-5598,,215,501.23,,,ACTUATOR-RAMAIR,5811822,00031627
73N,73N05655,6995,DE,CC,67600014-1,67600014-7350,21,X,X,FAIL,2018-04-11,7801:29,3481,2773:55,1393,2018-06-15,8279:56,3689,3252:22,1601,RIGHTPACKELLUMDURINGMCRECALL机组,478:27,依据MEL21-01-01-01放行.DNH机务INACCORDANCEWITHMEL21-01-01-01OFF.FLB00032038航后依据AMM21-51-21更换冲压进气口作动筒。测试正常。自检控制器正常。王海涛AFREFERTOAMM21-51-21REPLACEDRAMAIRINLETACTUATORTESTNORMALBITEZTCNORMAL,208,67600014-1,67600014-3159,HONEYWELL,4567,9070.49,478:27,208,ACTUATOR-RAMAIR,6264327,00032038
73N,73N05655,6995,DE,CC,67600014-1,67600014-4876,21,X,X,FAIL,2015-10-27,00:00,0,00:00,0,2018-04-11,7801:29,3481,7801:29,3481,"RIGHTPACKLIGHCOMESONUNERPECTEDLYDURINGMASTERCAUTIONRECALLONGROUNDLIGHTSTAYOFFAFTERRESET机组左组件灯在再现时亮,复位后熄灭",7801:29,"过站测试正常.ZGC机务TRTESTNORMALFLB00032380B航后依据AMM21-51-21更换右组件冲压进口作动筒,完成相关测试和冲压空气作动机械机构检查,检查正常,测试无故障信息.吴江AFREFERTOAMM21-51-21REPLACERAMAIRINLETACTUATORFROMRIGHTPACKCOMPLETERELATEDTESTINGANDRAMAIRINLETACTUATORMECHANICALINSPECTIONCHECKNORMALANDNOFAULTINFORMATION",3481,67600014-1,67600014-7350,,2021,3980.29,,,ACTUATOR-RAMAIR,6039443,00032378
73N,73N04601,1905,DE,CC,67600014-1,67600014-521,21,X,X,FAIL,2013-08-28,00:00,0,00:00,0,2016-11-26,10295:22,5345,10295:22,5345,,10295:22,"FROMFLB00011842B航后根据AMM21-61-00进行ZTC自检,自检正常无信息.根据AMM21-51-21更换左组件冲压作动筒,测试工作正常.郑仁敏AFACCORDINGTOAMM21-61-00DOZTCBITETESTANDTESTOK.ACCORDINGTOAMM21-51-21REPLACELEFTRAMAIRINLETACTUATORANDTESTOK.",5345,67600014-1,67600014-7096,,3267,5844.58,,,ACTUATOR-RAMAIR,4514614,0011845A
73N,73N05612,7105,DE,CC,67600014-1,67600014-4703,21,X,X,FAIL,2015-09-30,00:00,0,00:00,0,2017-09-03,6296:53,3108,6296:53,3108,,6296:53,"FROMFLB00016077A航后参考AMM21-51-27更换左组件冲压空气出口作动器，测试正常，检查轴承无卡滞。罗毅AFREFAMM21-51-27TOREPLACELEFTPACKRAMAIREXHAUSTACTUATOR,TESTOK.ANDCHECKANDFINDTHEBEARINGWORKINGWELL.",3108,67600014-1,67600014-961,,7268,14067.12,,,ACTUATOR-RAMAIR,5296796,0016077B
73N,73N05678,7113,DE,CC,67600014-1,67600014-5039,21,X,X,FAIL,2015-11-18,00:00,0,00:00,0,2017-03-13,4462:28,2212,4462:28,2212,,4462:28,"FROM:FLB0016534B航后依据AMM21-51-00更换右侧冲压出口作动筒，测试正常。后执行ZTC自检，无故障信息。张杰源AFREFTOAMM21-51-00REPLACER/HRAMAIREXHAUSTACTUATOR,TESTOK,THENDOZTCBITE,DONOTHAVEFAULTMSG.",2212,67600014-1,67600014-752,,7467,14348.33,,,ACTUATOR-RAMAIR,4804492,0016536B
73N,73N05612,7105,DE,CC,67600014-1,67600014-5676,21,X,X,FAIL,2017-10-27,6660:27,3312,1308:15,692,2017-11-03,6682:08,3321,1329:56,701,,21:41,"FROM:FLB00019128B航后依据AMM12-15-21更换左冲压进气门作动筒，并安装左出口门作动筒，检查测试正常，撤除DD201732767.陈金盛AFREFERTOAMM12-15-21REPLACELHRAMAIRINLETDOORACTUATOR,ANDINSTALLOUTLETDOORACTUTOR,CHECKANDTESTOK,REMOVE",9,67600014-1,67600014-3867,HONEYWELL,3123,6120.41,21:41,9,ACTUATOR-RAMAIR,5484929,0019131B
73N,73N05612,7105,DE,CC,67600014-1,67600014-3867,21,X,X,FAIL,2017-11-03,6682:08,3321,3403:52,1818,2017-11-05,6701:54,3329,3423:38,1826,,19:46,"FROM:FLB00019134A航后自检ZTC，显示SRADAINLET信息，参考FIM21-62TASK851，依据SSM21-51-14，测量P6-4C1950-D14386电压值为26.28V。根据AMM21-51-21更换左组件冲压作动器。根据AMM21-51-02更换左侧ACAU，测试工作正常，执行ZTC自检，自检通过。无故障信息，关闭DD201733147.郑仁敏AFZTCBITESHOWSSRADAINLETMESSAGE,ACCORDINGTOFIM21-62TASK851TO:FLB00019136A",8,67600014-1,67600014-7323,HONEYWELL,2846,5123.41,19:46,8,ACTUATOR-RAMAIR,5490815,0019135B
73N,73N04601,1905,DE,CC,67600014-1,67600014-7096,21,X,X,FAIL,2018-03-31,14139:53,7436,3844:31,2091,2018-05-17,14441:54,7610,4146:32,2265,,302:01,"FROMFLB0022715B航后依据AMM21-51-21更换右侧冲压进口作动筒M2797，测试正常。卞卫东AFREFTOAMM21-51-21REPLACERIGHTRAMAIRINLETACTUATOR,TESTOK.",174,67600014-1,67600014-1246,,96,216.12,,,ACTUATOR-RAMAIR,6163218,0022717B
73N,73N04601,1905,DE,CC,67600014-1,67600014-2966,21,,,SWAP,2018-05-12,14418:59,7596,9223:54,4601,2018-05-17,14441:54,7610,9246:49,4615,,22:55,"FROMFLB0022715B航后依据AMM21-51-27更换冲压空气排气作动筒，测试正常。卞卫东AFREFTOAMM21-51-27REPLACERAMAIREXHAUSTACTUATOR,TESTOK.",14,67600014-1,67600014-9736,HONEYWELL,1561,2847.15,22:55,14,ACTUATOR-RAMAIR,6163265,0022718A
73N,73N04601,1905,DE,CC,67600014-1,67600014-1246,21,,,SWAP,2018-05-17,14441:54,7610,196:03,84,2018-05-18,14451:55,7616,206:04,90,,10:01,"为判断故障，将本机冲压进口作动器与B-1435右组件冲压进口作动器对串，测试正常。罗毅FORTROUBLESHOOTINGEXCHANGETHERAMAIRINLETACTUATOROFB-1905RIGHTPACKWITHB-1435RIGHTPACK,TESTOK.",6,67600014-1,67600014-3147,HONEYWELL,6335,10062.31,10:01,6,ACTUATOR-RAMAIR,6167833,0022730B
73N,73N04601,1905,DE,CC,67600014-1,67600014-3147,21,,,SWAP,2018-05-18,14451:55,7616,7873:05,5090,2018-05-19,14458:06,7620,7879:16,5094,"空中右组件灯亮，按压主警告可复位，自检有出口冲压作动器信息。张庆海RIGHTPACKLIGHTCOMEONINFLIGHT,CANBERESETBYPUSHMASTERCAUTION.BITEHAVERAMAIREXITACTUATOR.",06:11,"航后依据AMM21-51-21将本机右侧冲压进气门作动筒与B-1435右侧冲压进气作动筒对串，已判断为冲压空气进气门作动器故障，由于航材无料。依据MEL21-05保留，飞机放行，执行M项，将冲压空气入口调节系统解除工作在飞行开位（FLIGHT张庆海互检：黄伟TOFLB0022732BFLB00022732BFROMFLB0022732AOPEN),出口调节系统解除工作在开位（OPEN），右组件电门贴组件冲压空气系统不工作标牌，使用本机随机器材冲压空气入口调节系统锁定器材,件号：螺栓BACB30UU3P36D,螺帽BACN1OJD3,销钉MS24665-105,使用B-1350飞机冲压空气出口调节系统锁定器材：C21009-1,将DD201820181张庆海互检：黄伟TOFLB0022733AFLB00022733AFROMFLB0022732B转办成DD201820293。张庆海互检：黄伟AFREFAMM21-51-21EXCHANGETHERAMAIRINLETACTUATOROFB-1905RIGHTPACKWITHB-1435RIGHTPACK.HAVEJUDGEMENTTHERAMAIRINLETACTUATORFAIL.DUETOLS,REFMEL21-05RESERVETOFLB0022733BFLB00022733BFROMFLB0022733ADO""M""ITEMBEACTIVATETHERAMAIRINLETMODULATINGSYSTEMINTHEFLIGHTOPENPOSITIONANDTHERAMAIREXITMODULATINGSYSTEMINTHEOPENPOSITION.PLACARDPACKRAMAIRSYSINOPASIDETHEAFFECTEDPACK.USEDB-1905FLYAWAYKITTHEARMAIRINLETTOFLB0022734AFLB00022734AFROMFLB00022733BMODULATINGSYSTEMLOCKINGEQUIPMENTSCREW:BACB30UU3P36D,NUT:BACN10JD3,PIN:MS24665-105,ANDB-1350FLYAWAYKTTTHERAMAIREXITMODULATINGSYSTEMLOCKINGEQUIPMENTSRADALINKASSEMBLY:C21009-1,TURNDD201820181TODD201820293.",4,67600014-1,67600014-1246,,96,216.12,,,ACTUATOR-RAMAIR,6170449,0022732A
73N,73N04601,1905,DE,CC,67600014-1,67600014-1246,21,X,X,FAIL,2018-05-19,14458:06,7620,206:04,90,2018-05-20,14468:14,7626,216:12,96,,10:08,"FROMFLB0022732A航后依据AMM21-51-21-000-801更换右侧冲压空气进口作动器，测试正常，撤除M项，关闭DD201820293.许鸿标互检：叶先镇AFREFAMM21-51-21-000-801REPLACEDRRAMAIRINLETACTURATOR,TESTNORMAL,REMOVEMITEM,CLOSEDD201820293.",6,67600014-1,67600014-7734,HONEYWELL,2746,5130.42,20:09,12,ACTUATOR-RAMAIR,6173009,0022736B
73N,73N05678,7113,DE,CC,67600014-1,67600014-5066,21,X,X,FAIL,2015-11-18,00:00,0,00:00,0,2018-01-02,6833:19,3413,6833:19,3413,"福州过站再现左组件灯亮，太原过站自检ZTC1有SRADAINLET信息。张志辉FOCTRL/HPARKLIGHTAPPEAR,TYNTRZTC1SELFTESTSRADAINLETMESSAGECAMEON.",6833:19,"福州航后机组报告正常，执行ZTC1/2自检有SRADAINLET信息，左右进气门同步依据AMM21-51-22检查发现轴承有卡阻，更换轴承，依据AMM21-51-21更换左侧进气门作动器，测试正常，执行ZTC1/2自检正常。张志辉FOCAFTHECREWREPORTNORMAL,C/OUTZTC1/2SELFTESTSPADAINLETMESSAGE.TO[FLB00024247B]轴承PN:213A3150-3(CO)",3413,67600014-1,67600014-4801,,5146,10107.1,,,ACTUATOR-RAMAIR,5683630,0024247A
73N,73N05809,7395,DE,CC,67600014-1,67600014-5914,21,X,X,FAIL,2016-02-27,00:00,0,00:00,0,2018-04-06,5642:38,2937,5642:38,2937,,5642:38,"FROM[FLB0031240A]航后依据FIM21-61完成PFTC自检，有21-51406SRADAEXIT故障。参考AMM21-51-27作动右组件冲压出口作动器，测试有卡滞，EXITACTUATORFAULT灯亮，更换右组件冲压出口作动器，测试正常。陈宝荣AFREFTOFIM21-61COMPLETEDPFTCBITETEST,HAVE21-51406SRADAEXITFAULT,REFAMM21-51-27ACTIVATETO[FLB0031241B]FL0031241BFROM[FLB0031241A]R/HPACKRAMAIREXHAUSTACTUATOR,TESTAUTATORINOP,EXITACTUATORFAULTLIGHTON,REPLACER/HPACKRAMAIREXHAUSTACTUATOR,TESTOK.",2937,67600014-1,67600014-961,,7268,14067.12,,,ACTUATOR-RAMAIR,6020463,0031241A
73N,73N04601,1905,DE,CC,67600014-1,67600014-516,21,X,X,FAIL,2013-08-28,00:00,0,00:00,0,2018-03-28,14134:23,7433,14134:23,7433,,14134:23,"FROM[FLB0031764B]航后依据AMM21-61-00完成ZTC自检，自检结果正常，读取右空调组件温度为22℃，参考FIM21-62T801检查出口作动本体无故障灯亮，左右对串ZTC1和2,再次执行自检,结果正常，后依据AMM21-51-27更换右侧冲压出口作动器，检查正常。陈金盛AFREFTOAMM21-61-00COMPLETEZTCBITETEST,TESTOK,READTHERIGHTA/CPACKTEMPIS22℃,REFTOTO[FLB00031767B]FROM[FLB0031766A]FIM21-62T801CHECKTHEACTUATORISNOFAULTLIGHTON,EXCHANGEZTC1WITHZTC2,EXCUTETHEZTCBITEAGAIN,TESTOK,ANDTHENREFTOAMM21-51-27REPLACERHRAMAIREXHAUSTACTUATOR,TESTOK.",7433,67600014-1,67600014-3867,,3123,6120.41,,,ACTUATOR-RAMAIR,5990161,0031766A
73N,73N04601,1905,DE,CC,67600014-1,67600014-503,21,,,SWAP,2013-08-28,00:00,0,00:00,0,2018-03-31,14139:53,7436,14139:53,7436,,14139:53,"FROM[FLB00031764B]航后依据AMM21-51-21将左右冲压空气作动筒调换，测试正常。卞卫东AFREFTOAMM21-51-21REPALCEDRIGHTANDLEFTFANAIRINLETACTUATORBYEACHOTHER,TESTOK.",7436,67600014-1,67600014-7096,,3267,5844.58,,,ACTUATOR-RAMAIR,6001004,0031928A
73N,73N04601,1905,DE,CC,67600014-1,67600014-3867,21,X,X,FAIL,2018-03-28,14134:23,7433,3423:38,1826,2018-04-05,14163:10,7450,3452:25,1843,,28:47,"FROMFLB00031933B将拆下M项器材螺栓（BACB30UU3P36D）螺母(BACN10JD3)销钉（MS24665-105）装回器材包，恢复M项，依据AMM21-51-27更换右侧冲压空气出口作动器，测试正常，关闭DD201813418.张庆海互检：罗洪椿PUTMITEMEQUIPMENTSCREW(PN:BACB30UU3P36D),NUT(PN:BACN10JD3)TOFLB00031943AFROMFLB00031942BPIN(PN:MS24665-105)INBAG-TOOL,RECOVERMITEM,REFAMM21-51-27,REPLACERIGHTRAMAIREXHAUSTACTUATOR,TESTOK,CLOSEDD201813418.张庆海互检：罗洪椿",17,67600014-1,67600014-5676,HONEYWELL,847,1585.45,28:47,17,ACTUATOR-RAMAIR,6017072,0031942B
73N,73N04601,1905,DE,CC,67600014-1,67600014-5676,21,X,X,FAIL,2018-04-05,14163:10,7450,1329:56,701,2018-05-12,14418:59,7596,1585:45,847,,255:49,"FROMFLB0035061B航后依据AMM21-51-21完成冲压空气出口作动器更换，右组件测试正常，撤除DD201819102，恢复M项，检查正常。叶先镇互检：许鸿标AFREFERTOAMM21-51-21REPLACEDR/HPACKRAMEXITACTURTOR,TESTOK,CLOSEDD201819102,RETURNMITEM,CHECKNORMAL.",146,67600014-1,67600014-2966,HONEYWELL,5482,10906.12,255:49,146,ACTUATOR-RAMAIR,6146847,0035065B
73N,73N06779,1351,DE,CC,67600014-1,67600014-9720,21,X,X,FAIL,2018-01-17,00:00,0,00:00,0,2018-07-09,1111:09,608,1111:09,608,,1111:09,"FLB0036445A航后依据AMM21-51-21更换右组件冲压进气作动筒，检查测试正常，并恢复M项，撤除DD201827673。陈金盛AFREFTOAMM21-51-21REPLACERHPACKRAMAIRINLETACTUATORCHECKOKANDRECOVERMITEM,REMOVEDD201827673.",608,67600014-1,67600014-3864,,5730,11106.39,,,ACTUATOR-RAMAIR,6345156,0036449A
73N,73N06779,1351,DE,CC,67600014-1,67600014-2966,21,X,X,FAIL,2018-05-17,765:21,395,9246:49,4615,2018-07-11,1130:28,618,9837:91,4945,,591:42,"航后解除右侧冲压进气系统M项，依据FIM21-62TASK801，执行PFTC1/2自检，故障依旧，右侧冲压前/后作动器上本体的INLETACTUATORFAULT灯亮，依据AMM21-51-21更换右侧冲压前/后作动器，测试正常关闭DD201828113.黄伟AFREACTUATEDR/HRAMAIRSYS,TOFLB0039812BFROMFLB0039812AASPERFOM21-62TASK801,COMPLETEDPFTC1/2BITE,FAULTREMAINED,R/HRAMAIRINLET/EXITACTUATORSHOWINLETACTUATORFAULTLIGHTILLUMINATEDASPERAMM21-51-21REPLACEDR/HRAMAIRINLETANDEXITACTUATOR,TESTOKCLOSEDDD201828113.",330,67600014-1,67600014-7240,HONEYWELL,2217,4059.28,614:37,344,ACTUATOR-RAMAIR,6352130,0039812A
73N,73N06779,1351,DE,CC,67600014-1,67600014-3864,21,X,X,FAIL,2018-07-09,1111:09,608,9479:30,5010,2018-07-11,1130:28,618,9498:49,5020,,19:19,"航后解除右侧冲压进气系统M项，依据FIM21-62TASK801，执行PFTC1/2自检，故障依旧，右侧冲压前/后作动器上本体的INLETACTUATORFAULT灯亮，依据AMM21-51-21更换右侧冲压前/后作动器，测试正常关闭DD201828113.黄伟AFREACTUATEDR/HRAMAIRSYS,TOFLB0039812BFROMFLB0039812AASPERFOM21-62TASK801,COMPLETEDPFTC1/2BITE,FAULTREMAINED,R/HRAMAIRINLET/EXITACTUATORSHOWINLETACTUATORFAULTLIGHTILLUMINATEDASPERAMM21-51-21REPLACEDR/HRAMAIRINLETANDEXITACTUATOR,TESTOKCLOSEDDD201828113.",10,67600014-1,67600014-5184,HONEYWELL,5163,8070.38,19:19,10,ACTUATOR-RAMAIR,6352130,0039812A
73N,73N05809,7395,DE,CC,67600014-1,67600014-4606,21,X,X,FAIL,2018-12-28,7790:14,4127,11823:33,5010,2019-01-16,7970:17,4205,12003:36,5088,,180:03,"FROM[FLB00042716A]航后恢复M项，按FIM21-62TASK801自检PFTC1/2正常，作动筒无卡滞，左右冲压进气门作动时间一致，左侧冲压前/后作动器本体故障指示灯正常，按AMM21-51-27更换左侧冲压进气出口作动筒，测试正常，关闭DD201902057。周晓健互检：叶先镇AFRECOVERMACTION,REFFIM21-62TASK801BITEPFTC1/2OK,THEACTNOBINDINGTO[FLB00042718A]FROM[FLB00042717B]THELEFTANDRIGHTRAMAIRDOORACTINGTIMEAGREE,LEFTRAMAIRFWD/AFTACTITSELFFAULTLIGHTINDICATENORMAL,REFAMM21-51-27REPLACERAMAIREXHAUSTACT,TESTOK,CLOSEDD201902057.周晓健互检：叶先镇",78,67600014-1,67600014-2791,HONEYWELL,6249,12530.15,180:03,78,ACTUATOR-RAMAIR,7017789,0042717B
73N,73N05809,7395,DE,CC,67600014-1,67600014-5905,21,X,X,FAIL,2016-02-27,00:00,0,00:00,0,2018-12-28,7790:14,4127,7790:14,4127,发动机起动后再现PACK灯亮，复位后灭，后按MEL处置（FL250）。机组PACKONL/HL/TONAFTERSTARTINGENG“RECALL”IMPLEMENTMELCARDOPERATIONAL（FL250）.FLB00045007A发动机启动后再现左PACK灯亮，复位后灭，后按MEL处置（FL250）.机组PACKONTHEL/HL/TONAFTERSTARTINGENGINE“RECALL”IMPLEMENTMELANDOPERATE（FLC250）.,7790:14,"按照MEL21-32放行，确认其他系统工作正常，“O”项告知机组。HET机务1*1HFLB00045007AFROM[FLB00045006B]①询问机组后续故障依旧，依据FIM21-62TASK801自检PFTC1/2,PFTC1有21-51406信息。②前后冲压作动器有“EXITACTUATORFAULT”信息。③依据AMM21-51-27更换冲压进气出口作动筒，测试检查正常。许鸿标2*2H①ASKCREWABOUTTHESUBSEQUENTFAILUREASBEFORE,REFFIM21-62TASK801.TO[FLB00045007B]FROM[FLB00045007A]PFTC1/2BITE,PFTC1HAVE21-51406MESSAGE.②RAMAIREXITACTUATORANDRAMAIRINLETACTUATORHAVE“EXITACTUATORFAULT”MESSAGE.③REFAMM21-51-27REPLACEDRAMAIREXITACTUATOR,TESTANDCHECKNORMAL.许鸿标",4127,67600014-1,67600014-4606,,5088,12003.36,,,ACTUATOR-RAMAIR,6950482,0045006B
73N,73N05132,1733,DE,CC,67600014-1,67600014-2669,21,X,X,FAIL,2014-10-10,00:00,0,00:00,0,2015-12-14,3537:49,1758,3537:49,1758,起飞过程中pack灯亮复位后熄灭，再现时出现pack（左亮）机组,3537:49,过站自检ZTC1#有EXIT故障信息，清除故障，测试正常TRBITEZTC1#haveEXITmesagecleanfaulttetsokDLC机务FLB:10623857航后依据AMM21-51-27更换左组件冲压空气出口作动器，测试正常AFrefertoAMM21-51-27repalcetheRAM-airexhanstactuatorandtestok周予立,1758,67600014-1,67600014-909,,5831,11475.4,,,ACTUATOR-RAMAIR,3644757,10623855
73N,73N04584,5797,DE,CC,67600014-1,67600014-1979,21,,,SCH,2014-08-06,3234:28,1611,00:00,0,2014-09-27,3726:40,1848,492:12,237,,492:12,"航后依据AMM21-51-21更换左组件冲压进气作动器,完成MCO-2014-09-24-26.卫星亮AFREFERAMM21-51-21,REPLACETHERAMAIRTNLETACTNATOROFLPACKACCOMPLISHTHEMCO-2014-09-24-26.",237,67600014-1,67600014-2723,,6710,13276.56,,,ACTUATOR-RAMAIR,2824961,10628878
73N,73N04601,1905,DE,CC,67600014-1,67600014-522,21,X,X,FAIL,2013-08-28,00:00,0,00:00,0,2014-09-04,2892:22,1435,2892:22,1435,FROMFLB10634008A,2892:22,航后完成DD201420651依据AMM21-51-27更换左侧冲压空气出口作动器，并测试正常，撤除DD201420651。孙云山AFaccomplishedDD201420651referAMM21-51-27replacedtheLHRAMAIDLXHAOSTactuator，testisnormal，removetheDD201420651,1435,67600014-1,67600014-2700,,7341,13631.26,,,ACTUATOR-RAMAIR,2786087,10634011
73N,73N04651,5852,DE,CC,67600014-1,67600014-760,21,X,X,FAIL,2013-10-03,00:00,0,00:00,0,2014-07-03,2335:28,1268,2335:28,1268,右侧障单速道失效机组,2335:28,"航后做ZTC2测试SRADAEXIT故障灯亮,正向冲洗右组件,依据AMM21-51-27更换冲后空气出口作动器,做ZTC2测试无故障信息冲后空气出口作动器作动正常TAG:4047419AFdotheZTC2testthefaultlightsradaexitonfourandcleanthepack2noferAMM21-51-27repalcetheremairexhaustactuatordotheZTC2testnofaultmessagetheactuatorworkisok权强",1268,67600014-1,67600014-809,,6072,13684.13,,,ACTUATOR-RAMAIR,2669140,10742788
73N,73N04584,5797,DE,CC,67600014-1,67600014-303,21,X,X,FAIL,2013-08-21,00:00,0,00:00,0,2014-08-06,3234:28,1611,3234:28,1611,航后检查左ZTC有ACT故障信息.赵宏泽AFBITELZTChaveACTfaucetmessage.,3234:28,"航后依据AMM21-51-21更换左ACT作动器,测试工作正常,自检左ZTC无信息.AFrefertoAMM21-51-21replacedtheLACTtestok,BITELZTCwasnotfaultmessage.",1611,67600014-1,67600014-1979,,237,492.12,,,ACTUATOR-RAMAIR,2732655,10756379
73N,73N04678,5853,DE,CC,67600014-1,67600014-1658,21,X,X,FAIL,2014-08-19,2658:52,1282,00:00,0,2014-09-09,2857:36,1389,198:44,107,,198:44,航后根据AMM21-51-21完成MCO-2014-09-09-40更换右组件冲压进气作动筒.测试正常.黄腾光AFrefertoAMM21-51-21accomplishedMCO-2014-09-09-40replacedRHpackramairinletactuatortestisok.,107,67600014-1,67600014-2697,,6719,13797.26,,,ACTUATOR-RAMAIR,2794187,10759466
73N,73N04678,5853,DE,CC,67600014-1,67600014-884,21,X,X,FAIL,2014-08-16,2625:23,1267,00:00,0,2014-08-28,2751:44,1326,126:21,59,FROMFLB10811222B,126:21,"航后完成DD201419260,依据AMM21-51-27更换右组件出口作动器,并测试正常,关闭DD201419260.符华彦AFaccomplishDD201419260,refertoAMM21-51-27replacerightunitexitacuator,andtestisok,closeDD201419260",59,67600014-1,67600014-2711,,6782,13903.18,,,ACTUATOR-RAMAIR,2773278,10774554
73N,73N04760,1927,DE,CC,67600014-1,67600014-1307,21,X,X,FAIL,2014-01-10,00:00,0,00:00,0,2014-07-16,1651:55,863,1651:55,863,空调不制冷.杜磊A/CDOESNOTWORK,1651:55,航后参照AMM21-51-00更换左侧组件冲压进气门作动器测试正常完成空调测温出口3°C正常.杜磊AFREFERTOAMM21-51-00REPLACELPACKRAMAIRDOORACTUATORTESTOKDOMEASUREA/CTEMPERATUREOUTLEAT3°CWEEL,863,67600014-1,6760014-2456,,6749,13232.12,,,ACTUATOR-RAMAIR,2692653,10788879
73N,73N04678,5853,DE,CC,67600014-1,67600014-856,21,X,X,FAIL,2013-10-27,00:00,0,00:00,0,2014-08-19,2658:52,1282,2658:52,1282,"空中有PACK灯亮复位后仍亮,按检查单处置机组",2658:52,"过站自检有INLETEXIT信息,不可复位,依据MEL21-01-01-01放行TRtestinletexitmessagenoresetreftoMEL21-01-01-01dispatch刘新刚FL10811226航后依据AMM21-51-21更换右组件冲压进气门作动器,测试正常AFreplaceRHpackramairinletdooractuatorandtestok李然67600014-1/67600014-85667600014-1/67600014-1658",1282,67600014-1,67600014-1658,,107,198.44,,,ACTUATOR-RAMAIR,2755788,10811224
73N,73N04716,5855,DE,CC,67600014-1,67600014-1008,21,X,X,FAIL,2013-11-27,00:00,0,00:00,0,2014-08-05,2222:06,1141,2222:06,1141,FROMFLB10809859A,2222:06,"航后依据AMM21-51-21更换右空调组件冲压进气门作动器,测试正常,关闭DD201417761李旭东AFrefertoAMM21-51-21replacetheRHA/CACTtestokcloseDD201417761P/N67600014-1S/NON67600014-760",1141,67600014-1,67600014-760,,7396,16106.31,,,ACTUATOR-RAMAIR,2728427,10814319
73N,73N04651,5852,DE,CC,67600014-1,67600014-738,21,X,X,FAIL,2013-10-03,00:00,0,00:00,0,2014-10-10,3251:20,1729,3251:20,1729,"启动发动机后,再现时双组件灯亮AfterENGbothpacklamplightwhenrecome张颖",3251:20,"按MEL21-05放行并完成M项RefertoMEL21-05dispatchfinishMitem张颖FLB10849483B:AF询问机组左组件后续使用正常,BITETESTZTC无故障信息,完成左组件M项恢复,并更换左组件冲压进气作动筒,测试正常(REFAMM21-51,21-000-81)自检ZTC无信息AFbitetestL/HZTCisokreplaceR.HRAMairinletactuatorbitetestZTCisok刘文宇",1729,67600014-1,67600014-856,,8060,15743.49,,,ACTUATOR-RAMAIR,2846540,10849481
73N,73N05359,1798,DE,CC,67600014-1,67600014-3978,21,X,X,FAIL,2015-04-07,00:00,0,00:00,0,2015-06-13,267:11,138,267:11,138,FROMFLB10867676B,267:11,"航后自检ZTC无故障信息,依据AMM21-31-00更换右组件ACT,测试正常.AFbitetheZTCnomessagerefertoAMM21-51-00replacetherightpackACTtestok李旭东",138,67600014-1,67600014-738,,7954,15301.09,,,ACTUATOR-RAMAIR,3279650,10868679
73N,73N05132,1733,DE,CC,67600014-1,67600014-522,21,X,X,FAIL,2016-07-12,5369:00,2702,3312:12,1658,2016-08-03,5584:50,2801,3528:02,1757,FROMFLB10914335B,215:50,航后自检ZTC有SRADAEXIT信息依据AMM21-51-27更换左组件冲压进气口出口作动筒测试正常自检ZTC无信息.曹猛刚AFBIFEZTChaveSRADAEXITmessagerefertoAMM21-51-27repalceleftpackramairexchangeactuatortestokBIFEZTCnofault,99,67600014-1,67600014-2966,HONEYWELL,5482,10906.12,215:50,99,ACTUATOR-RAMAIR,4220112,10914336
73N,73N05175,1729,DE,CC,67600014-1,67600014-2693,21,X,X,FAIL,2014-11-09,00:00,0,00:00,0,2015-09-11,2530:24,1246,2530:24,1246,开完车左PACK灯亮.复位主警告灯熄灭机组,2530:24,"依据MEL21-32放行,无M项.CTU机务FLB10919486B航后自检无故障信息,依据AMM21-11-00更换ACT左组件,测试正常.李旭东AFbitenomessagereferAMM21-11-00replaceleftACTtestok",1246,67600014-1,67600014-2758,,5237,10502.21,,,ACTUATOR-RAMAIR,3446242,10919486
73N,73N05132,1733,DE,CC,67600014-1,67600014-2729,21,X,X,FAIL,2014-10-10,00:00,0,00:00,0,2016-03-16,4369:57,2172,4369:57,2172,航后自检ZTC1有INLET信息.林悦喜AFdotheBOTEofZTC1haveINLETmessage.,4369:57,"航后依据FIN21-62排故,参照AMM21-51-21更换左组件SRADA进气作动器,并完成调节测试,自检两部ZTC无故障信息.林悦喜AFrefertoFIN21-62troubleshooing,referAMM21-51-21replacetheACTofSRADAinLEFTpank,dotestok,doBITEofZTCSnomessage.",2172,67600014-1,67600014-2693,,5692,11183.46,,,ACTUATOR-RAMAIR,3876615,10953486
73N,73N04678,5853,DE,CC,67600014-1,67600014-909,21,X,X,FAIL,2013-10-27,00:00,0,00:00,0,2015-09-03,5897:40,2901,5897:40,2901,"ZTC1上有""ACT""信息.王小鹏ZTC1have""ACT""message.",5897:40,"依据AMM21-51-21更换左组件ACT,测试正常.王小鹏PerAMM21-51-21replacedtheATCofLHpack.,TESTISOK.",2901,67600014-1,67600014-1307,,5531,11159.02,,,ACTUATOR-RAMAIR,3431540,10955253
73N,73N05076,1997,DE,CC,67600014-1,67600014-2081,21,X,X,FAIL,2014-08-29,00:00,0,00:00,0,2016-08-14,5854:54,3101,5854:54,3101,"右组件等再现亮,可复位.任俊澄RPACKLIGHTRECALLLIGHTCANRESET",5854:54,"航后自检有SRADAEXIT信息,参考AMM21-51-27更换右冲压排气作动器,测试正常,长时间爱内运转空调自检正常.任俊澄AFTESTSRADAEXITMESSAGEREFERTOAMM21-51-27REPLACETHERRAMAIREXHAUSTACTUATORTESTOKOPERATIONAIRCONDITIONTIRESBITEOK",3101,67600014-1,67600014-1217,,62,109.26,,,ACTUATOR-RAMAIR,4247505,10969966
73N,73N05308,1795,DE,CC,67600014-1,67600014-3867,21,X,X,FAIL,2016-07-02,3914:38,1971,3303:28,1769,2016-07-06,3954:04,1991,3342:54,1789,FL10972221A,39:26,"航后依据AMM21-51更换左冲压进气门出口作动器,测试正常,关闭DD201617799AFreplacetheleftramairEXITactuatortestokcloseDD201617799王君昭TAG6007535",20,67600014-1,67600014-961,HONEYWELL,7268,14067.12,39:26,20,ACTUATOR-RAMAIR,4150573,10972226
73N,73N05331,1796,DE,CC,67600014-1,67600014-3867,21,X,X,FAIL,2015-03-09,00:00,0,00:00,0,2016-04-26,3303:28,1769,3303:28,1769,,3303:28,完成MCO-2016-04-25-20依据AMM21-51-27更换冲压空气出口作动器(右组件)测试正常accomplishedMCOreplacetheramairexhaustactuatortestok兆鹏飞,1769,67600014-1,67600014-2669,,6463,11993.55,,,ACTUATOR-RAMAIR,3977441,10977488
73N,73N04651,5852,DE,CC,67600014-1,67600014-809,21,,,SCH,2014-07-03,2335:28,1268,00:00,0,2016-03-07,7591:29,3943,5256:01,2675,FLB11013028B,5256:01,"航后自检ZTC2有SRADAEXIT故障灯亮，参考SL检查D14386和D14394插头销钉无异常，依据AMM更换右组件SRADA出口作动器,测试正常。TAG:522619AFriteontheZFT2findtheSRADAfaultcolethismessagecan'tbeclearedchecktheplugD14394andD14386isok.refertoAMM21-51-27replacetherightpackramairexhaustactuatortest",2675,67600014-1,67600014-522,,5302,10414.37,,,ACTUATOR-RAMAIR,3855015,11013040
73N,73N04716,5855,DE,CC,67600014-1,67600014-760,21,X,X,FAIL,2014-08-05,2222:06,1141,2335:28,1268,2016-01-10,6697:07,3292,6810:29,3419,"过站反映右PACK灯亮,可复位,有ACT信息.王麟飞TRTHECREWREPARTTHELRACALIGHTONBITEZTCHASACTMESSAGEITCOULDBERESEL",4475:01,"航后自检ZTC无信息,依据AMM21-61-20更换ACT作动器后,自检ZTC有故障信息,无法清除,左右对串ZTC确定为ZTC2故障,为保障航班与6995飞机对串ZTC2测试正常.王麟飞AFBITETHEZTCNOMESSAGEREFERAMM21-61-20REPLACETHEACTBITEZTCHASFAULTMESSAGEBOLDNOTBERESETCHANGEWITHZTC1AND2MAKESURETHEZTC2FAULTFORFLIGHTCHANGEZTCWITH6995",2151,67600014-1,67600014-303,HONEYWELL,6501,12630.02,4475:01,2151,ACTUATOR-RAMAIR,3708825,11032151
73N,73N04716,5855,DE,CC,67600014-1,67600014-961,21,X,X,FAIL,2013-11-27,00:00,0,00:00,0,2016-05-04,7682:26,3765,7682:26,3765,"右组件再现时灯亮,复位主警戒灯灭机组",7682:26,"航后完成ZTC2自检由冲压排气作动器信息,依据AMM21-51-27更换冲压排气作动器,测试正常,右组件工作正常AFaccomplishedaramairexhaustactuatormessageafterbiteZTC2replacetheactuatorandtestok赵金龙",3765,67600014-1,67600014-809,,6072,13684.13,,,ACTUATOR-RAMAIR,3996854,11049044
73N,73N06166,1545,DE,CC,67600014-1,67600014-3867,21,X,X,FAIL,2017-01-29,582:38,310,3393:53,1813,2017-01-30,592:37,315,3403:52,1818,FROMFLB11052715B,09:59,航后依据FIM21-62检查冲压出口作动筒正常PFTC自检正常依据AMM21-51-27更换右侧冲压出口作动器测试并将左PFTL与右PFTL对串测试正常.崔立民AFreefertoFIM21-62CheckfornormalstampingexportactuatingcylinderPFTCself-inspectionisnormalandrefertoAMM21-51-27ReplacetherightsideofthestampingexportactuatortestsandwillbeleftPFTLandrightPFTLtotestnormal.,5,67600014-1,67600014-7097,HONEYWELL,3157,6111.15,09:59,5,ACTUATOR-RAMAIR,4687468,11052717
73N,73N04716,5855,DE,CC,67600014-1,67600014-879,21,X,X,FAIL,2016-05-09,7723:46,3783,2612:44,1260,2016-06-01,7933:15,3887,2822:13,1364,,209:29,"航后完成MCO-2016-06-01-105,依据AMM21-51-27更换右组件出口作动筒,测试正常.吕承凡AFaccomplishedMCO-2016-06-01-105refertoAMM21-51-27replacerightpackRamairexhaustactuator,testok.",104,67600014-1,67600014-1187,HONEYWELL,8136,15613.38,209:29,104,ACTUATOR-RAMAIR,4064444,11067083
73N,73N04651,5852,DE,CC,67600014-1,67600014-749,21,X,X,FAIL,2013-10-03,00:00,0,00:00,0,2016-04-15,7938:36,4128,7938:36,4128,"爬升中出现右PACK灯亮,左组件关断,隔离活门关ZUH机务",7938:36,"根据AMM21-00测试组件正常RefAMM21-00testpacknormalZUH机务FLBT11067194b依据AMM21-61-21更换左组件TCV活门,并方向冲洗左组件,做ZTC1和ZTC2自检无信息,目视检查无漏气现象,组件工作正常RefertoAMM21-61-21replaceleftpacktcvandreverseflushlpackbiteztc1andzec2nomessagecheckvalvenoleakagelpackworknormal屈永辉FLB110637197A航后完成ZTC测试发现左侧冲压进气门卡滞,依据AMM21-51更换左组件ACT,测试正常,AFaccomplshedztcBTFEfindthelfetactdoormorenotsmootingrefertoAMM21-51replacethelfetpackacttestok上官兴FLB11067197B航后更换驾驶舱温度指示依据AMM21-61及驾驶舱温控组件,测试正常AFrefertoAMM21-61replacethecabintemperatureindicatorandtemperaturecontrolnoduletestok上官兴
OFF:162BL903/14121092ON:162BL903/09044704,",4128,67600014-1,67600014-3978,,4668,8912.55,,,ACTUATOR-RAMAIR,3949639,11067194
73N,73N04651,5852,DE,CC,67600014-1,67600014-522,21,X,X,FAIL,2016-03-07,7591:29,3943,2892:22,1435,2016-04-23,8011:19,4166,3312:12,1658,"启动双发后,再现时右PACK灯亮,复位后熄灭,按MEL21-32执行O项放行机组",419:50,"依据MEL21-32放行,回基地处理TAO机务FLB11067219A海口过站依据AMM21-62-00完成ZTC1和ZTC2自检测试,结果正常,无故障信息HaikouTRrefertoAMM21-62-00accomplishedZTC1andZTC2bitetesttesttheresultisok安磊FLB11067220A航后作ZTC自检有ARADAEXIT信息,依据FIM21-62TASK854排故,更换R/HRAMAIREXITACTUATOR,作ZTC1&ZTC2自检无信息,再现时右PACK不亮,系统正常AFZTC2bitehasmessageSRADAEXIT,refertoFIM21-62TASK854totroubleshootingreplaceRHramairexitactuatorZTC1&2biteok符超柱",223,67600014-1,67600014-1008,HONEYWELL,5633,10795.07,419:50,223,ACTUATOR-RAMAIR,3968725,11067218
73N,73N04716,5855,DE,CC,67600014-1,67600014-809,21,X,X,CAN,2016-05-04,7682:26,3765,5256:01,2675,2016-05-09,7723:46,3783,5297:21,2693,FLB11049050A,41:20,航后完成MCO-2016-05-07-62恢复M项更换右组件冲压排气作动器依据AMM21-51-27测试正常关闭DD201611604张勇李源AFaccomplsihedMCO-2016-05-07-62repalceditok无拆下67600014-167600014-879,18,67600014-1,67600014-879,HONEYWELL,5079,10111.41,41:20,18,ACTUATOR-RAMAIR,4009303,11076598
73N,73N04760,1927,DE,CC,67600014-1,6760014-2456,21,X,X,FAIL,2014-07-16,1651:55,863,00:00,0,2016-06-02,7536:25,3884,5884:30,3021,FROMFLB11074636B,5884:30,航后完成DD201613679依据AMM21-51-21更换左组件冲压进气作动器和冲压排气作动器并测试正常撤除此DD.周阳AFaccomplishDD201613679refertoAMM21-51-21replacedL/HpackranairincerandranairoutletactuatortestokandclosetheDD,3021,67600014-1,67600014-4596,,424,830.18,,,ACTUATOR-RAMAIR,4066515,11081557
73N,73N05175,1729,DE,CC,67600014-1,67600014-884,21,,,SCH,2016-05-22,4719:23,2260,126:21,59,2016-08-11,5412:11,2668,819:09,467,右组件RAMAIREXHAUSTACTUATOR借件拆还.王刚RHPACKRAMAIREXHAUSTACTUATORBORROWOPENALSO,692:48,"航后依据AMM21-51-27更换冲压空气排气作动筒,测试正常.刘乐AFREFERTOAMM21-51-27REPLACERAMAIREXHAUSTACTUATORTESTISOK",408,67600014-1,67600014-1596,,7314,14189.23,,,ACTUATOR-RAMAIR,4240498,11094817
73N,73N04760,1927,DE,CC,67600014-1,67600014-4596,21,X,X,FAIL,2016-06-02,7536:25,3884,00:00,0,2016-09-07,8366:43,4308,830:18,424,,830:18,"航后完成MCO-2016-09-06-96，依据AMM21-51-27更换左组件冲压出风口作动器，测试正常。胡贤AFfinishedMCO-2016-09-06-96，referAMM21-51-27replacedtheleftpackofRAMAIREXHAUSTACTUCTOR,testisok。",424,67600014-1,67600014-879,,5079,10111.41,,,ACTUATOR-RAMAIR,4310297,11102322
73N,73N05132,1733,DE,CC,67600014-1,67600014-909,21,X,X,FAIL,2015-12-14,3537:49,1758,5897:40,2901,2016-07-12,5369:00,2702,7728:51,3845,启动发动机后再现pack灯亮，按压主警告后，pack灯灭。机组,1831:11,"过站按MEL21-32放行，无M项。王盛力TRrefertoMEL21-32dispatchtheaircraft，noMitem。FLB:11103076航后完成MCO-2016-07-13-2，依据手册21-51-27更换冲压进气门出口作动筒，测试正常。孙国鑫AFaccomplishedMCO-2016-07-13-2,referAMM21-51-27replaceramairexhaustactuator，testisok。",944,67600014-1,67600014-522,HONEYWELL,5302,10414.37,1831:11,944,ACTUATOR-RAMAIR,4164384,11103074
73N,73N05076,1997,DE,CC,67600014-1,67600014-3867,21,X,X,FAIL,2016-10-24,6354:26,3369,3342:54,1789,2016-10-30,6405:25,3393,3393:53,1813,FROMFLB11106085B,50:59,"航后完成DD201629667，依据AMM21-51-27更换左侧冲压空气排气作动器，测试通过，恢复至正常状态，关闭DD201629667马生阳AFACCOMPLISHDD201629667,REFERTOAMM21-51-27REPLACELHRAMAIREXHAUSTACTUATOR,TESTPASSANDBACKTONORMALCONDITION",24,67600014-1,67600014-3790,HONEYWELL,5440,10762.37,50:59,24,ACTUATOR-RAMAIR,4445063,11106099
73N,73N04760,1927,DE,CC,67600014-1,67600014-909,21,X,X,FAIL,2017-06-24,10813:01,5551,7728:51,3845,2017-09-29,11636:51,5984,8552:41,4278,,823:50,"航后依据AMM21-51-27更换右组件冲压排气作动筒,测试正常.关闭DD201728229.白龙AFreferAMM21-51-27replacetheramairexitactuator,testok.closetheDD201728229.",433,67600014-1,67600014-2807,HONEYWELL,4971,10079.45,823:50,433,ACTUATOR-RAMAIR,5377928,11112181
73N,73N05076,1997,DE,CC,67600014-1,67600014-2233,21,X,X,FAIL,2014-08-29,00:00,0,00:00,0,2016-10-24,6354:26,3369,6354:26,3369,,6354:26,FORMFL11114629A航后自检ZTC1有EXIT信息依据AMM21-51-27更换左空调冲压出气口作动筒测试正常袁平勃AFDOTHEBITEETC1HACEEXITMESSAGEREFTOAMM21-51-27REPALCETHELHRAMAIREXHANSTACTUATORTESTOK,3369,67600014-1,67600014-3867,,3123,6120.41,,,ACTUATOR-RAMAIR,4428416,11114629
73N,73N06280,7377,DE,CC,67600014-1,67600014-7323,21,X,X,FAIL,2017-02-04,00:00,0,00:00,0,2017-08-08,1358:12,738,1358:12,738,FROM:FLB11118592B,1358:12,"航后完成DD201721587,更换右组件冲压出气作动筒,依据AMM21-51-27测试正常关闭DD201721587AFaccomplishedDD201721587,replacetherightpackranairexhaustactuatorrefAMM21-51-27testisokclosedDD201721587叶永豪",738,67600014-1,67600014-8679,,3120,5783.37,,,ACTUATOR-RAMAIR,5216353,11118608
73N,73N05958,7886,DE,CC,67600014-1,67600014-5676,21,X,X,FAIL,2016-06-08,00:00,0,00:00,0,2016-10-31,1072:18,563,1072:18,563,FLB11159143A,1072:18,航后依据AMM21-51-21更换作动筒，测试正常，关闭保留DD201630002。吴涛AFreferAMM21-51-21replacetheactuator，testisOK，closethe,563,67600014-1,67600014-522,,5302,10414.37,,,ACTUATOR-RAMAIR,4447544,11159148
73N,73N05167,1725,DE,CC,67600014-1,67600014-2807,21,X,X,FAIL,2014-10-30,00:00,0,00:00,0,2017-02-20,6901:32,3456,6901:32,3456,"再现时,组件灯亮,复位信号牌灯灭.机组",6901:32,"航后ZTC自检有SRADAEXIT信息,依据FIM21-62TASK854排故更换右侧冲压空气排气口作动器,测试正常.党金刚.AFBITEZTCHAVERADAEXITMES,REFTOFIM21-62TASK854REPLACEDACTUATOR,TESTOK",3456,67600014-1,67600014-7098,,2980,6209.28,,,ACTUATOR-RAMAIR,4747081,11176382
73N,73N04760,1927,DE,CC,67600014-1,67600014-1157,21,X,X,FAIL,2014-01-10,00:00,0,00:00,0,2017-06-23,10810:28,5549,10810:28,5549,FL11017365B,10810:28,"航后依据AMM21-51-27完成冲压空气出口作动器,测试正常,关闭DD201717148AFrefertoAMM21-51-27accomplishreplacetheRAMAirexhaustactuator,testok,closeDD201717148戴伟深",5549,67600014-1,67600014-3155,,4033,7975.3,,,ACTUATOR-RAMAIR,5078605,11192122
73N,73N04760,1927,DE,CC,67600014-1,67600014-3155,21,X,X,FAIL,2017-06-23,10810:28,5549,5129:07,2599,2017-06-24,10813:01,5551,5131:40,2601,机组在线检测空调右组件Fack灯亮AEB机务,02:33,"按MEL25-32完成,空调右组件正常RefertoMEL25-32accomlishrightpacktestokAEB机务FL11192124A过站再现右组件灯亮,自检ZTC有exit信息,依据MEL21-05锁右组件冲压,空气系统飞行位放行TRBITEZTC2findmessageexitreleaserefertoMEL21-05inoperativeRamairmodulatingsystem洪永锋FL11192124B航后依据AMM21-51-27更换冲压空气出口作动筒,结果正常,自检ATC无信息恢复M项至正常状态AFrefertoAMM21-51-27replacetheRAMAIRexportsactuator,theresultisok,theZTCisnomessage叶永豪",2,67600014-1,67600014-909,HONEYWELL,5831,11475.4,02:33,2,ACTUATOR-RAMAIR,5081007,11192123
73N,73N04838,1929,DE,CC,67600014-1,67600014-1177,21,X,X,FAIL,2014-03-11,00:00,0,00:00,0,2017-03-04,9053:03,4791,9053:03,4791,,9053:03,"航后完成DD201706048依据AMM21-51-27更换冲压空气入口作动器和冲压空气出口作动器,测试正常.吕承凡AFaccomplishedDD201706048refertoAMM21-51-27replaceRAMairincutandcutactuatortestok.
PN:BACJ40AC44-6",4791,67600014-1,67600014-5676,,847,1585.45,,,ACTUATOR-RAMAIR,4779504,11195098
73N,73N04838,1929,DE,CC,67600014-1,67600014-5676,21,X,X,FAIL,2017-03-04,9053:03,4791,1072:18,563,2017-03-06,9065:05,4796,1084:20,568,航前推出后左组件灯亮自检ZTC1有INLET信息.梁树斌PFwherpushhachtheA/CthelpackrightisonBITEZTC1findthelnletmessage,12:02,"航前依据MEL21-25放行,完成M项,石锐PFrefertoMEL21-25dispoththeA/CaccomplisheedtheMitemjobFLB11195105A航后依据FIM21-62TASK851排故,确认为进口冲压作动器故障依据AMM21-51-21更换左组件冲压进气作动器和左ZTC并恢复左组件冲压出口作动器并完成测试正常.赵沛AFrefertoFIM21-62TASK851troubleshooting,cinfiwmtheinletromainactuatorisfaultrefatwoAMM21-51-21REPLACETHELEFTranairlineactuatorgoodleftZTCtheMjobtestok",5,67600014-1,67600014-2233,HONEYWELL,6412,12131.03,12:02,5,ACTUATOR-RAMAIR,4784939,11195105
73N,73N05076,1997,DE,CC,67600014-1,67600014-3790,21,X,X,FAIL,2016-10-30,6405:25,3393,3856:00,1942,2017-05-16,8145:40,4255,5596:15,2804,左组件故障Theleftpackoff机组,1740:15,"检查为左组件冲压系统故障,按MEL21-05放行,完成M项,贴冲压空气不工作标牌Leftpartstampingassyfault,refertoMEL21-05dispatch,accomplishMitem,pastenoworkplacard赵子钦FL11216660A航后依据AMM21-51-27更换左侧冲压作动筒,故障依旧,旧件装回,多次测试正常AFrefertoAMM21-51-27replacetheLHstampingactuator,thefaultwasstill,puttheoldpartback,manytimestesttook赖伟冬",862,67600014-1,67600014-3867,HONEYWELL,3123,6120.41,1740:15,862,ACTUATOR-RAMAIR,4970218,11216659
73N,73N05076,1997,DE,CC,67600014-1,67600014-3867,21,,,SCH,2017-05-16,8145:40,4255,3403:52,1818,2017-05-16,8145:40,4255,3403:52,1818,左组件故障Theleftpackoff机组,00:00,"检查为左组件冲压系统故障,按MEL21-05放行,完成M项,贴冲压空气不工作标牌Leftpartstampingassyfault,refertoMEL21-05dispatch,accomplishMitem,pastenoworkplacard赵子钦FL11216660A航后依据AMM21-51-27更换左侧冲压作动筒,故障依旧,旧件装回,多次测试正常AFrefertoAMM21-51-27replacetheLHstampingactuator,thefaultwasstill,puttheoldpartback,manytimestesttook赖伟冬",0,67600014-1,67600014-3790,HONEYWELL,5440,10762.37,00:00,0,ACTUATOR-RAMAIR,4970218,11216659
73N,73N05076,1997,DE,CC,67600014-1,67600014-1929,21,X,X,FAIL,2014-08-29,00:00,0,00:00,0,2017-05-18,8164:14,4266,8164:14,4266,左组件亮陈剑THELEFTPACKLIGHTON,8164:14,"航后依据AMM21-00-00自检ZTC1和ZTC2均无信息,依据FIM21-62TASK853排故,结果正常,依据AMM21-51-21更换左组件,冲压空气进口作动器,测试结果符合手册要求陈剑AFREFERTOAMM21-00-00BITEZTC1ANDZTC2NOFAULTMESSAGEREFERTOFIM21-62TASK853TROUBLESHOOTINGISOK,REFERTOAMM21-51-21REPLACEDTHEACT,TESTOK",4266,67600014-1,67600014-7240,,2217,4059.28,,,ACTUATOR-RAMAIR,4976272,11222038
73N,73N04584,5797,DE,CC,67600014-1,67600014-416,21,X,X,FAIL,2013-08-21,00:00,0,00:00,0,2017-10-13,13081:25,6479,13081:25,6479,巡航时RPACK灯亮，按检查单处置，单组件飞行。机组,13081:25,"航后依据AMM21-61-00-700-806-002自检ZTC2有INLET和TCV故障灯亮，依据AMMAMM21-51-10更换有组件TCV自检ZTC2，tcv故障灯消失，依旧有INLET故障灯亮，依据AMM21-51-21-000-801拆下冲压空气作动筒。沈潜AFREFAMM21-61-00-700-806-002ZTCBITETESTINLETANDTCVFANLTLIGHTREFAMM21-51-10REPLACEDR/HPACKTCVZTCPITETEST,TCVFALUTLIGHTDISAPPEAR,INLETFAULTLIGHTAPPEARREFAMM21-51-21-000-801REMOVEDRAMAIRINLETACTUATORFLB1122250B航后依据AMM21-51-21更换有组件冲压空气活门作动筒，测试正常AFREFERAMM21-51-21REPLACEDTHETIGHTRANAIRLNLETACTAALERTESTISNORMAL.李志伟",6479,67600014-1,67600014-7614,,2735,5334.05,,,ACTUATOR-RAMAIR,5425552,11222247
73N,73N05308,1795,DE,CC,67600014-1,67600014-961,21,X,X,FAIL,2016-07-06,3954:04,1991,7682:26,3765,2017-06-09,6840:11,3569,10568:33,5343,,2886:07,"航后依据AMM21-51-27完成MCO-2017-06-08-228更换左组件冲压出口作动器,测试正常高磊AFrefertoAMM21-51-27accomplishMCO-2017-06-08-28exchangetheleftramairexhaustactuatortestitok",1578,67600014-1,67600014-5039,HONEYWELL,4775,9358.25,2886:07,1578,ACTUATOR-RAMAIR,5040690,11226138
73N,73N04678,5853,DE,CC,67600014-1,67600014-5676,21,X,X,FAIL,2017-07-31,11994:08,5888,1084:20,568,2017-08-27,12218:03,6012,1308:15,692,FROMFLB11230003B,223:55,"航后依据AMM21-51-21更换左组件冲压进气门作动器,解除M项,测试正常.关闭DD201724300杨举鹏AFREFERTOAMM21-51-21REPLACELEFTPACKSMARTRAMAIRDOORACTUATORTESTOKRETURNTOMITEMCLOSEDD201724300",124,67600014-1,67600014-1157,HONEYWELL,7645,15247.27,223:55,124,ACTUATOR-RAMAIR,5273458,11230008
73N,73N06280,7377,DE,CC,67600014-1,67600014-7614,21,X,X,FAIL,2017-02-04,00:00,0,00:00,0,2017-07-28,1279:50,683,1279:50,683,空中右组件单通道机组,1279:50,"过站按MEL21-32放行XIY机务TRrefertoMEL21-32disaptchFL112385282B航后依据AMM21-51-21更换右冲压进气口作动筒,测试正常郝秋东AFrefertoAMM21-51-21repalcedrightranairinletactuatortestitok",683,67600014-1,67600014-8501,,2437,4503.47,,,ACTUATOR-RAMAIR,5183985,11238581
73N,73N06210,1549,DE,CC,67600014-1,67600014-7350,21,X,X,FAIL,2016-12-12,00:00,0,00:00,0,2017-11-08,2773:55,1393,2773:55,1393,左组件再现时左'PACK'灯亮.西安机务LEFTPACKRECALLTHE'PACK'LIGHTILLUMINATE.,2773:55,"自检左PFTC有21-51406信息,按MEL21-32放行.BITELEFTPFTCHAS21-51406MESSAGE,MEL21-32DISPATCH.西安机务FROMFLB11245597A航后依据FIM21-62TASK879排故,确认左后冲压空气排气作动器故障,依据AMM21-51-27更换左后冲压空气排气作动器,测试正常.AFREFERTOFIM21-62TASK879TROUBLESHOOTING,VERIFYTHELEFTAFT,EXHAUSTEXIT,RAMAIRACTUATORISFAULT,REFTOAMM21-51-27REPLACEDTHEACTUATORANDTESTIT.曹鹏",1393,67600014-1,67600014-1929,,5740,10918.34,,,ACTUATOR-RAMAIR,5501764,11245596
73N,73N05538,6063,DE,CC,67600014-1,67600014-4433,21,X,X,FAIL,2015-08-06,00:00,0,00:00,0,2017-06-30,4671:19,2358,4671:19,2358,"过站左pack灯亮,按压主警告可复位TRLHpacklighton.pushmastercautioncanresetMIG机务",4671:19,"ZTC1自检有SRADAEXIT信息,复位后再现故障依旧,因停场时间短,依据MEL21-32放行ZRCbitehasSRARAEXITmessage,canrestduetoSGreftoMEL21-32dispatchMIG机务FL11251960依据AMM21-51-27更换左组件冲压空气出口作动器,测试正常reftoAMM21-51-27replaceramairexhaustactuatorandtestok侯泽召TAG7001873",2358,67600014-1,67600014-5220,,4492,8755.11,,,ACTUATOR-RAMAIR,5103148,11251956
73N,73N04678,5853,DE,CC,67600014-1,67600014-1307,21,X,X,FAIL,2015-09-03,5897:40,2901,1651:55,863,2017-07-17,11878:44,5825,7632:59,3787,FROMFLB11298835A,5981:04,"航后依据AMM21-51-000-801更换左侧冲压空气内侧作动筒,测试正常.关闭DD201719850.杨盛林AFREFERTOAMM21-51-000-801REPLACELPACKREMAIRINLETACTUATORTESTOKCLOSEDD201719850",2924,67600014-1,67600014-1929,HONEYWELL,5740,10918.34,5981:04,2924,ACTUATOR-RAMAIR,5149777,11268839
73N,73N04678,5853,DE,CC,67600014-1,67600014-880,21,X,X,FAIL,2013-10-27,00:00,0,00:00,0,2017-08-10,12077:35,5932,12077:35,5932,FROMFLB11294682B,12077:35,"航后解除M项依据AMM21-51-27更换冲压空气出口作动器,完成ZTC自检,自检无信息,测试正常,关闭DD201721715.党金刚AFREFERTOAMM21-51-27REPLACETHERAMAIREXHAUSTACTUTORANDZTCBITENOMESSAGETESTISOK,CLSOETHEDD201721715.",5932,67600014-1,67600014-8661,,8108,16655.02,,,ACTUATOR-RAMAIR,5221538,11282492
73N,73N04678,5853,DE,CC,67600014-1,67600014-1929,21,X,X,FAIL,2017-07-17,11878:44,5825,8164:14,4266,2017-07-31,11994:08,5888,8279:38,4329,,115:24,"FROMFL11294674A航后依据AMM21-51-21更换左充压进气作动器，测试正常。AFREFERTOAMM21-51-21REPLACEDLEFTRAMOURINLETTESTITOK,TAG:6019199徐龙祥",63,67600014-1,67600014-5676,HONEYWELL,847,1585.45,115:24,63,ACTUATOR-RAMAIR,5193234,11294675
73N,73N05132,1733,DE,CC,67600014-1,67600014-2966,21,X,X,FAIL,2016-08-03,5584:50,2801,4629:15,2216,2018-02-17,10179:29,5186,9223:54,4601,FLB.11336114A,4594:39,"航后依据AMM21-00-00/901恢复M项使冲压进气门作动器和出口调节作动器恢复依据AMM21-51-27更换冲压空气出口作动器,测试正常,撤除DD201806799保留.王韶AFrefertotheAMM21-00-00/901maketheRamAirinletmodulatingsystemabdRamAirExitmodulatingsystemreactivation,refertoAMM21-51-27replacetheRamAirexhaustactuatorFLB11336117BtestisOK,closetheDD201806799",2385,67600014-1,67600014-3155,HONEYWELL,4033,7975.3,4594:39,2385,ACTUATOR-RAMAIR,5851489,11336117
73N,73N05076,1997,DE,CC,67600014-1,67600014-7240,21,X,X,FAIL,2017-05-18,8164:14,4266,582:38,310,2017-12-07,9773:07,5143,2191:31,1187,FLB11349995B,1608:53,航后依据AMM21-51-21更换左冲压空气作动器测试正常关闭DD201737379陈勇王东升挂签/TAG7023316AFreferAMM21-51-21replacedLramairactuatortestokclose,877,67600014-1,67600014-1307,HONEYWELL,5531,11159.02,1608:53,877,ACTUATOR-RAMAIR,5597268,11349999
73N,73N05489,6061,DE,CC,67600014-1,67600014-3159,21,X,X,FAIL,2015-07-15,00:00,0,00:00,0,2018-02-28,6944:53,3707,6944:53,3707,左组件灯泡.自检ZTC1有ACT信息.杨刚theleftpacklightontestZTC1haveACTmessage,6944:53,航后依据AMM21-51-21更换左组件.冲压电门作动筒.操作测试正常.杨刚AFrefertoAMM21-51-21repalcetheleftpackraonairinletactuatortestitok,3707,67600014-1,67600014-4703,,4513,9072.38,,,ACTUATOR-RAMAIR,5891463,11359849
73N,73N05331,1796,DE,CC,67600014-1,67600014-3864,21,X,X,FAIL,2015-03-09,00:00,0,00:00,0,2018-05-08,9479:30,5010,9479:30,5010,"在兰州起飞后右组件失效,机组按检查单处置.机组",9479:30,过站按照MEL21-01-01-01放行，右组件贴不可用标牌。李远TRreferMEL21-01-01-01dispatchtagtheINOPplacardontheR/HpackFLB:11387615B航后依据AMM21-51-21更换右侧冲压空气进口作动器，测试正常。朱晨AFrefertoAMM21-51-21replaceR/HrainairactuatetestOK。,5010,67600014-1,67600014-304,,8074,15615.31,,,ACTUATOR-RAMAIR,6133521,11387615
73N,73N04584,5797,DE,CC,67600014-1,67600014-304,21,X,X,FAIL,2013-08-21,00:00,0,00:00,0,2017-11-16,13335:27,6610,13335:27,6610,FLB11105403A,13335:27,"航后参考手册AMM21-51-27更换冲压空气出口作动器,测试正常,撤除DD201733806.胡贤AFreferAMM21-51-27replaceramairexhaustactuatortestOK,removedDD201733806",6610,67600014-1,67600014-4433,,3798,7456.51,,,ACTUATOR-RAMAIR,5529867,11391024
73N,73N04760,1927,DE,CC,67600014-1,67600014-2807,21,X,X,FAIL,2017-09-29,11636:51,5984,6901:32,3456,2018-06-05,13637:48,6988,8902:29,4460,,2000:57,FROMFLB11498655B航前依据AMM21-51-27更换冲压空气排气作动筒，测试正常，关闭DD201822459PFrefertoAMM21-51-27replaceR/Hramairdoorexitactuator，testitok，closeDD201822459（TAG:0031721）徐龙祥苏锦凯,1004,67600014-1,67600014-5914,HONEYWELL,3972,7661.01,2000:57,1004,ACTUATOR-RAMAIR,6229715,11396306
73N,73N06288,6103,DE,CC,67600014-1,67600014-7734,21,X,X,FAIL,2017-02-14,00:00,0,00:00,0,2018-03-14,3075:08,1596,3075:08,1596,FROMFLB11410916B,3075:08,"航后依据AMM21-51-21更换左组件冲压进气门作动器,自检无信息,恢复至可用状态(M项),关闭DD201809322.马生阳AFREFTOAMM21-51-21REPLACEDRAMAIRACUTAOTROFLHPACKBITENORMALANDBACKMACTION,CLOSEDD201809322",1596,67600014-1,67600014-909,,5831,11475.4,,,ACTUATOR-RAMAIR,5941411,11410933
73N,73N05155,1726,DE,CC,67600014-1,67600014-2879,21,X,X,FAIL,2014-10-21,00:00,0,00:00,0,2019-02-13,11848:13,5784,11848:13,5784,FLB11418715A,11848:13,"过站依据AMM21-51-21更换左侧冲压进气门作动器,测试正常.唐刚TRrefertoAMM21-51-21replaceramACTLHtestOK.",5784,67600014-1,67600014-1929,,5740,10918.34,,,ACTUATOR-RAMAIR,7120614,11418720
73N,73N05633,6808,DE,CC,67600014-1,67600014-5033,21,X,X,FAIL,2015-10-14,00:00,0,00:00,0,2018-04-29,7243:06,3652,7243:06,3652,FROMFLB11419459A,7243:06,航后依据AMM21-51-21更换右组件进口冲压作动器操作测试正常。自检ZTC2无信息。杨刚AFREFERTOAMM21-51-21REPLACETHERIGHTPACKINLETRAMAIRDOORACTUATORTESTITOK.TESTTHEZTC2NOFAULTMESSAGE.,3652,67600014-1,67600014-416,,7413,14974.28,,,ACTUATOR-RAMAIR,6101920,11419194
73N,73N05194,1728,DE,CC,67600014-1,67600014-2993,21,X,X,FAIL,2014-11-23,00:00,0,00:00,0,2018-03-17,10068:15,5132,10068:15,5132,"航前出港时反映左组件灯亮,自检ZTC1有SRADAINLET信息.吴国荣theLpacklightonPFbitetheZTC1hasSRADAINLETmessage",10068:15,"航后自检ZTC1和ZTC2无故障信息,依据AMM21-51-21更换左组件冲压进气作动器,测试正常且ZTC无故障信息.吴国荣AFbitetheZTC1andZTC2isnofaultmessagerefertoAMM21-51-21replacetheramairinletactuatorofLpacktestOKandZTCno",5132,67600014-1,67600014-5150,,4002,8828.52,,,ACTUATOR-RAMAIR,5952528,11454865
73N,73N05509,6060,DE,CC,67600014-1,67600014-3265,21,X,,FAIL,2015-07-17,00:00,0,00:00,0,2018-06-17,9140:50,4520,9140:50,4520,,9140:50,航后依据AMM21-51-21更换右组件冲压进口作动筒，测试正常苏洪鑫AFREPLACEDTHERIGHTRAMAIRANLETACTUATORREFERTOAMM21-51-21TESTOK,4520,67600014-1,67600014-4876,,4534,9905.54,,,ACTUATOR-RAMAIR,6270584,11466536
73N,73N05243,1785,DE,CC,67600014-1,67600014-5203,21,X,X,FAIL,2018-11-19,11565:56,5883,10406:28,4320,2018-11-23,11590:36,5898,10431:08,4335,宁波过站反映再现时右组件灯亮。自检ZTC2有冲压进气作动器机组,24:40,"过站依据21-+51-21测试,测试正常,航后进一步处理NGB机务FLB:11471376B航后依据AMM21-51-21更换右组件冲压进气作动器,测试正常,无故障信息TAG:0014095AFREFTOAMM21-51-21REPALCETHERUNAIRINLETACTUATOROFRHPACKTESTISOK赵光华ATG:0014095",15,67600014-1,67600014-6415,HONEYWELL,3405,7419.34,126:25,58,ACTUATOR-RAMAIR,6827063,11471375
73N,73N04584,5797,DE,CC,67600014-1,67600014-4433,21,X,X,FAIL,2017-11-16,13335:27,6610,4671:19,2358,2018-06-23,15121:14,7606,6457:06,3354,FROMFLB1147112B,1785:47,航后依据AMM21-00-001901恢复M项依据AMM21-51-27更换左组件冲压空气振动器完成相关测试结果正常依据AMM21-61-20将本机ZTC1与5798飞机对串完成测试结果正常关闭DD201825162AFREFERTOAMM21-00-001901REGAINMITEMFROMFLB11477277BREFERTOAMM21-51-27REPLACELEFTPACKRAMAIREXHAUSTACTUATORTESTREFERTOAMM21-61-20CHANGEZTC1TO5798ZTC1ANDTESTNORMALCLOSEDD201825162屈永辉,996,67600014-1,67600014-516,HONEYWELL,7453,14175.01,1785:47,996,ACTUATOR-RAMAIR,6292627,11477277
73N,73N04584,5797,DE,CC,67600014-1,67600014-2723,21,,,SWAP,2014-09-27,3726:40,1848,00:00,0,2018-06-26,15146:09,7618,11419:29,5770,,11419:29,"为排除本机再现左组件灯亮故障,将左组件冲压入口作动筒与B1799飞机对串,自检无信息,Fortroubleshootingtheaircraftrecallleftpackfaultexchangetheleftpackranairactuatorwiththe1799doabitetestnofaultmessage尚超",5770,67600014-1,67600014-4396,,5431,10784.23,,,ACTUATOR-RAMAIR,6301544,11477287
73N,73N04794,1928,DE,CC,67600014-1,67600014-1369,21,X,X,FAIL,2014-02-04,00:00,0,00:00,0,2018-07-06,13593:33,7127,13593:33,7127,FROMFLB11477469A,13593:33,航后依据AMM21-51-21更换左组件出口作动筒器，依据AMM21-61-20更换ZTC1，自检无信息.马生阳AFREFERTOAMM21-51-21REPLACEEXTACTOFLPACKREFERTOAMM21-61-20REPLACEZTC1，BITENOMESSAGE.,7127,67600014-1,67600014-1177,,5723,10819.24,,,ACTUATOR-RAMAIR,6336064,11477471
73N,73N05489,6061,DE,CC,67600014-1,67600014-3185,21,X,X,FAIL,2015-07-15,00:00,0,00:00,0,2018-08-25,8411:09,4433,8411:09,4433,,8411:09,"航后依据AMM21-51-27更换右组件冲压空气排气作动筒,并完成功能,测试结果正常,撤销DD201834219.莫文卓AFrefertoAMM21-51-27replacetheranairexhaustactuatorofrightpackaccomplishfunctiontestandtheresultnormalrescinddeferreditemDD201834219",4433,67600014-1,67600014-3265,,5262,10589,,,ACTUATOR-RAMAIR,6514269,11492772
73N,73N05436,1502,DE,CC,67600014-1,67600014-4252,21,X,X,FAIL,2015-05-21,00:00,0,00:00,0,2018-07-13,9252:45,4922,9252:45,4922,ITASTERCAUTIONRECACCONLYR-PACKLIGHTILLUMINATE机组,9252:45,执行地面空调测试，测试正常，空调组件都正常工作。XMN机务APPLYA/CtesttestokA/CNMLUSEFLB:11495321A航后依据AMM21-51-27更换右组件，冲压排气作动筒，测试正常。杨维AFreferAMM21-51-27replacetherightpackingramairexhaustactuatortestitok,4922,67600014-1,67600014-2993,,6064,11954.01,,,ACTUATOR-RAMAIR,6362413,11495320
73N,73N04584,5797,DE,CC,67600014-1,67600014-516,21,X,X,CAN,2018-06-23,15121:14,7606,14134:23,7433,2018-06-30,15161:52,7626,14175:01,7453,过站左组件灯亮HGH机务,40:38,"ZTC1自检有SDARSEXIT信息,按照MEL21-01-01-01放行HGH机务FLB:11505216B航后依据AMM21-51-27更换冲压空气排气作动器,测试正常AFREFAMM21-51-27REPLACERAMAIREXHAUSEACTUATORTETSOK连建卫",20,67600014-1,67600014-5039,HONEYWELL,4775,9358.25,40:38,20,ACTUATOR-RAMAIR,6314591,11505215
73N,73N05981,7619,DE,CC,67600014-1,67600014-6263,21,X,X,FAIL,2016-06-25,00:00,0,00:00,0,2018-07-14,6063:22,3338,6063:22,3338,空中左组件跳开.王子佳LEFTPACKFAULTISTHEFLIGHT,6063:22,"航后自检PFTC有PACKFLOWSENSOR信息,依据AMM21-51-43-00-801更换左组件流量传感器,依据AMM21-51-21-00-801更换冲压空气作动器,测试正常,自检PFTC无故障信息.王子佳AFBITEPFTCHAVEPACKFLOWSENSORMESSAGEREFERTOAMM21-51-43-000-801REPLACELEFTPACKFLOWREFERTOAMM21-51-000-801REPLACERAMARACTUATORTESTOKBITEPFTCNOMESSAGE",3338,67600014-1,67600014-7096,,3267,5844.58,,,ACTUATOR-RAMAIR,6363562,11505574
73N,73N06049,7618,DE,CC,67600014-1,67600014-6795,21,,,SWAP,2016-08-14,00:00,0,00:00,0,2018-08-04,5741:54,2993,5741:54,2993,"启动好发动机之后,左组件单通道失效.机组",5741:54,"航后依据AMM21-51-21对串左右组件进气口作动筒,并恢复M项,撤除保留DD201831457,测试正常.刘远AFrefertoAMM21-51-21exchandtheleftpackairinlet-acrautortotherightreturnMitemremoveDD201831457,testok.",2993,67600014-1,67600014-6695,,3814,7290.04,,,ACTUATOR-RAMAIR,6439983,11519879
73N,73N06462,7400,DE,CC,67600014-1,67600014-8364,21,X,X,FAIL,2017-06-20,00:00,0,00:00,0,2019-01-01,4446:51,2461,4446:51,2461,FL11522272B,4446:51,"航后依据AMM21-00-00-440-802恢复M项，依据AMM21-51-21完成右组件冲压空气作动器更换,测试正常，关闭DD201853173AFreferAMM21-00-00-440-802restoreMitem，referAMM25-51-21replaceR/HpackmainairactuatortestitpassedcloseDD201853173陆炽坚",2461,67600014-1,67600014-5410,,4674,8312.48,,,ACTUATOR-RAMAIR,6964475,11522279
73N,73N06210,1549,DE,CC,67600014-1,67600014-1929,21,X,X,FAIL,2017-11-08,2773:55,1393,8279:38,4329,2018-09-07,5293:32,2756,10799:15,5692,,2519:37,FROMFLB11530956A航后依据AMM21-51-27更换左冲压出口作动器，恢复左组件M项，测试正常，撤除DD201836891AFrefertoAMM21-51-27replaceleftrainairexhaustactuator，recoverytheleftpackMitem，testok，moveDD201836891邵小进,1363,67600014-1,67600014-7875,HONEYWELL,727,1271.18,2519:37,1363,ACTUATOR-RAMAIR,6561914,11530959
73N,73N05167,1725,DE,CC,67600014-1,67600014-2791,21,X,X,FAIL,2014-10-30,00:00,0,00:00,0,2018-11-06,12182:10,6017,12182:10,6017,过站检查空调右组件PACK灯亮CTU机务TRCHECKPIRCONLIOLPACKISLIGHTING,12182:10,过站依据AMEL21-32放行无M项，O项已告知机组周建TRREFERTOMEL21-32DISPATCHNOMOTASKTELLTOCREWFROMFLB11533191B航后自检ZTC有进口空气作动器信息，依据AMM21-51-21更换右组件冲压进气门作动器测试正常自检ZTC无信息陶旭AFBITEZTCHASACTMSGREFERTOAMM21-51-21REPLACEDRAMAIRINLETACTUATOROFRIGHTPACKTESTOKBITEZTCNOTAULTMSG,6017,67600014-1,67600014-1369,,7225,13838.58,,,ACTUATOR-RAMAIR,6768844,11533191
73N,73N05167,1725,DE,CC,67600014-1,67600014-1369,21,X,X,FAIL,2018-11-06,12182:10,6017,13593:33,7127,2018-11-07,12190:01,6021,13601:24,7131,右组件灯亮，自检有进口作动器信息。郑毅TheRpacklightonselftecdithaveramairinletActuatorMessage.,07:51,航后依据AMM21-31-21更换右组件进口作动器，检查正常。郑毅AFREFAMM21-31-21replacetheRRAINAIRlimletactuatorCheckok.,4,67600014-1,67600014-5203,HONEYWELL,4413,10596.28,07:51,4,ACTUATOR-RAMAIR,6770830,11533194
73N,73N05167,1725,DE,CC,67600014-1,67600014-5203,21,,,SWAP,2018-11-07,12190:01,6021,10304:43,4277,2018-11-19,12291:46,6064,10406:28,4320,,101:45,航后依据AMM21-51-21与1785飞机对串右侧冲压进气作动筒，自检ZTC有INLET信息，并依据MMEL21-05失效右侧冲压组件，并办理保留DD201847637，完成M项工作AFrefertoAMM21-51-21for1785aircraftexchangerightramairinletactuator，biteZTChaveinletinformation，refertoMMEL21-05inoperativerightramairmodulating，transitionDD201847637，accomplishedMitemjob王杰佘国程,43,67600014-1,67600014-3494,HONEYWELL,6255,12385.1,101:45,43,ACTUATOR-RAMAIR,6814311,11533219
73N,73N05155,1726,DE,CC,67600014-1,67600014-2874,21,X,X,FAIL,2014-10-21,00:00,0,00:00,0,2018-10-27,10862:35,5372,10862:35,5372,FLB11542914A,10862:35,"航后完成DD201844319依据AMM21-51-27更换冲压空气排气作动筒，恢复M项测试正常关闭DD201844319刘煜成/DIC林铠AFACCOMPLISHEDDD201844319REFERTOAMM21-51-27REPLACETHERAINAIREXHACSTACTUATORRESTORATIONOFMEL,TESTOK,CLOSEDD201844319",5372,67600014-1,67600014-3185,,4893,9516.06,,,ACTUATOR-RAMAIR,6732401,11542915
73N,73N05731,7171,DE,CC,67600014-1,67600014-5368,21,X,X,FAIL,2016-01-08,00:00,0,00:00,0,2018-11-22,8239:41,4557,8239:41,4557,PACK(L)LIGHTCOMESONFORRECALL机组,8239:41,过站按MEL21-32放行在LPACK灯旁贴不工作标牌任晓彦TRREFERMEL21-32DISPATCHPASTETHELPACKCOGHTINOPCARDFLB11547873A航后依据AMM21-51-27更换左组件冲压空气出口作动器完成相关测试测试正常柯钡AFREFERTOAMM21-51-27REPLACEL/HRAMAIREXHAUSTACTUATORTESTOK,4557,67600014-1,67600014-7350,,2021,3980.29,,,ACTUATOR-RAMAIR,6828159,11547872
73N,73N05762,7172,DE,CC,67600014-1,67600014-5410,21,X,X,FAIL,2016-01-24,00:00,0,00:00,0,2018-10-14,7889:01,4460,7889:01,4460,FLB11566074B,7889:01,航后更换左组件排气作动器，测试正常，关闭DD201842458依据手册AMM21-51-277董剑鸣AFREFAMM21-51-27REPLACELPACKEXHAUSTACTICATORTESTNORMALCLOSHDD201842438,4460,67600014-1,67600014-2966,,5482,10906.12,,,ACTUATOR-RAMAIR,6688253,11566080
73N,73N05958,7886,DE,CC,67600014-1,67600014-5623,21,X,X,FAIL,2016-06-08,00:00,0,00:00,0,2018-09-09,6588:54,3454,6588:54,3454,,6588:54,FROMFLB11580429A航后完成DD201836626恢复M项，依据AMM21-51-27更换左组件冲压空气出口作动器，测试正常AFaccomplishedDD201836626removeMrefertoAMM21-51-27replacetheRAMairexhaustofLpack，testisok杨伟锋肖肃,3454,67600014-1,67600014-9720,,1262,2481.08,,,ACTUATOR-RAMAIR,6568716,11580438
73N,73N04651,5852,DE,CC,67600014-1,67600014-856,21,X,X,FAIL,2014-10-10,3251:20,1729,2658:52,1282,2019-01-03,16180:43,8452,15588:15,8005,FLB11582195A,12929:23,航后依据AMM21-51-21更换右侧冲压进口作动器测试正常相关M项已恢复撤除DD201900367刘洋AFREFERAMM21-51-21REPLACETHERIGHTRAMAIRINLETACTUATORTESTISNORMALRELATEMACTIONISRECOVERCLOSETHEDD201900367,6723,67600014-1,67600014-6346,HONEYWELL,2945,6520.28,12929:23,6723,ACTUATOR-RAMAIR,6972756,11582199
73N,73N04651,5852,DE,CC,67600014-1,67600014-6346,21,X,X,FAIL,2019-01-03,16180:43,8452,6495:42,2933,2019-01-06,16205:29,8464,6520:28,2945,FROMFLB11582206A,24:46,航后依据AMM21-00-00-440-802恢复M项依据AMM21-51-21更换右组件从压紧器作动器依据AMM21-61-00自检ZTC测试正常AFREFERTOAMM21-00-00-440-802RECOVERMITEMREFERTOAMM21-51-21REPALCERIGHTRAMAIRINLETACTUATORREFERTOAMM21-61-00BITEITCTESTISNORMAL吴昊,12,67600014-1,67600014-2874,HONEYWELL,5566,11241.26,24:46,12,ACTUATOR-RAMAIR,6982785,11582207
73N,73N05633,6808,DE,CC,67600014-1,67600014-416,21,X,X,FAIL,2018-04-29,7243:06,3652,13081:25,6479,2018-09-13,8336:57,4194,14175:16,7021,,1093:51,过站依据AMM21-51-21更换右冲压进气作动器完成MCO-2018-09-13-147测试不通过刘新熠TRREFERAMM21-51-21REPLACETHERIGHTRAMAIRINLETACTUATORFINISHMCO-2018-09-13-147TESTNOTPASSTAG:0003311FLB11587428B过站依据MEL21-05完成M项刘新熠TRREFERTOMEL21-05FINISHMITEMFLB1158729A航后依据AMM21-51-22撤除M项并测试正常赵利民AFREFERTOAMM21-51-22REMOVETHEMANDTESTISOK,542,67600014-1,67600014-6263,HONEYWELL,3958,7271.01,1093:51,542,ACTUATOR-RAMAIR,6583433,11587428
73N,73N06997,1101,DE,CC,67600014-1,67600014-10553,21,X,X,FAIL,2018-05-30,00:00,0,00:00,0,2019-01-10,1652:10,854,1652:10,854,,1652:10,"航后自检两部PFTC当前无故障信息,依据FIM24-62TASK878完成初始评估,检查折流门作动正常,依据AMM21-51-21更换左侧进口作动器,测试正常,自检两部PFTC无信息",854,67600014-1,67600014-5368,,4726,8593.12,,,ACTUATOR-RAMAIR,6995706,11610934
73N,73N05489,6061,DE,CC,67600014-1,67600014-4703,21,X,X,FAIL,2018-02-28,6944:53,3707,6296:53,3108,2019-02-08,9720:38,5112,9072:38,4513,实时监控LEFTPACKTRIPOFF马鹏MONITORLEFTPACKTRIPOFF,2775:45,航后依据AMM21-61-00完成PZTC1.2测试.测试正常.依据AMM21-51-21更换左侧中压进气口作动器.测试正常马鹏AFREFAMM21-61-00COMPLETEPZTC1.2TEST.TESTOK.REFAMM21-51-21REPLACETHELEFTRAMAIRINLETACTUATOR.TESTOK,1405,67600014-1,67600014-4839,HONEYWELL,5937,9169.39,2775:45,1405,ACTUATOR-RAMAIR,7099191,11639578
73N,73N04596,5798,DE,CC,67600014-1,67600014-282,21,X,X,FAIL,2013-08-25,00:00,0,00:00,0,2018-12-23,16541:25,8407,16541:25,8407,海口起飞后左组件灯亮按检查单处置关闭左组件，飞往目的地。机组,16541:25,"过站检查发现ZTC自检时左冲压进气门不工作，依据MEL21-05放行，完成M项，断开冲压作动器点插头，断开冲压作动杆与摇臂连接并固定安装校装螺栓解除工作在flightopen位并将冲压空气出口调节系统解除工作。卞卫东/吴树荣TRcheckZTCbitelifeinterdoornotactive,refertoMEL21-05dispatchaccomplishMitem.interairactuatornotworkinflightopenpositionandinterairactuatornotworkposition.FROMFLB11641241A航后依据AMM21-00-00恢复M项，依据AMM21-61-00完成左侧P/ZTC自检，自检无信息，检查发现左侧冲压进气口作动器间歇性卡阻，依据AMM21-51-21更换左侧冲压进气口作动器，完成测试，测试正常。张越成AFrefAMM21-00-00recovertheMFROMFLB11641241Bprocedure,refAMM21-61-00accomplishedL/HP/ZTCbite,nofaultmessage,checktheL/Hramairinletactuatorintermittentwork.refAMM21-51-21replacetheLHramairinletactuator,accomplishoperationaltest,testisok.",8407,67600014-1,67600014-6155,,2872,6547.23,,,ACTUATOR-RAMAIR,6933450,11641238
73N,73N05076,1997,DE,CC,67600014-1,67600014-1307,21,X,X,FAIL,2017-12-07,9773:07,5143,7632:59,3787,2019-02-23,13299:10,6887,11159:02,5531,FROMFLB11659970A,3526:03,"航后依据AMM21-00-00恢复M项,依据AMM21-51-21更换冲压空气进气作动筒,参考FIM21-62TASK851完成初始评估测试PLZTC1无故障信息,关闭DD201907280石建鹏必检张佳欢FLB11644554BAFREFERTOAMM21-00-00RECOVERMITEMREFERTOAMM21-51-21REPLACERAMAIRINLETOUTUATORREFERTOFIM21-62TASK851ACCOMPLISHINITIALEVALUATIONTESTP/ZTCNOFAULTMESSAGECLOSEDDD201907280",1744,67600014-1,67600014-5905,HONEYWELL,4131,7803.06,3526:03,1744,ACTUATOR-RAMAIR,7153249,11644553
73N,73N05194,1728,DE,CC,67600014-1,67600014-5150,21,X,X,FAIL,2018-03-17,10068:15,5132,6419:58,2749,2019-02-04,12477:09,6385,8828:52,4002,启动好后再现PACK灯亮复位后熄灭机组,2408:54,航后依据AMM21-51-21更换ACT作动筒，完成MCO-2019-02-01-95测试正常李慷AFrefertoAMM21-51-21repalcedACTVATORfinishedMCO-2019-02-01-95testisok,1253,67600014-1,67600014-5203,HONEYWELL,4413,10596.28,2408:54,1253,ACTUATOR-RAMAIR,7091911,11649221
73N,73N05194,1728,DE,CC,67600014-1,67600014-5203,21,,,SWAP,2019-02-04,12477:09,6385,10431:08,4335,2019-02-07,12495:46,6394,10449:45,4344,,18:37,"FROM:FLB11649223B航后依据AMM21-61-00完成两部ZTC自检,结果正常,检查左侧ACTENG正常依据AMM01-51-01对串左和右ACT测试正常AFREFGTOAMM21-61-00FINISHEWITHZTCBITETHERESULTOK杨旭",9,67600014-1,67600014-3475,HONEYWELL,6463,12642.29,18:37,9,ACTUATOR-RAMAIR,7095923,11649226
73N,73N05027,1996,DE,CC,67600014-1,67600014-2149,21,X,X,FAIL,2014-07-27,00:00,0,00:00,0,2019-02-10,13782:07,7111,13782:07,7111,"右空调组件灯在现亮,可复位TNA机务RAIRCONDITIONWODULELAMPREAPPEARBRIGHTCANBERESET",13782:07,"按MEL21-32放行TNA机务REFERTOMEL21-32DISPATCHFLB11658025B航后自检ZTC无故障信息依据AMM21-51-21更换右侧进口作动筒,测试正常齐艳涛AFBITEZTCHAVENOFAULTMESSAGEREFERTOAMM21-51-21REPLACERHINLETACTUATORTESTOK",7111,67600014-1,67600014-856,,8060,15743.49,,,ACTUATOR-RAMAIR,7106946,11658023
73N,73N05693,6809,DE,CC,67600014-1,67600014-5220,21,X,X,FAIL,2015-11-23,00:00,0,00:00,0,2017-03-03,4028:21,2080,4028:21,2080,,4028:21,"航后更换右组件入口冲压作动器,因前期保留执行M项,出口作动器已拆下,无料恢复M项,转办出口作动器保留DD201706111有M和O项AFREPLACETHERIGHTPACKLETINTAIRACTUATORMAKEDD201706111(周鸿儒)",2080,67600014-1,67600014-521,,8591,16788.09,,,ACTUATOR-RAMAIR,4780251,62158020
73N,73N05710,7167,DE,CC,67600014-1,67600014-5203,21,X,X,FAIL,2015-12-08,00:00,0,00:00,0,2018-09-12,10304:43,4277,10304:43,4277,航前ZTC2有SRADAEXIT信息王俊杰PFZTC2HAVESRADAEXITMESSAGE,10304:43,航后依据AMM工卡21-51-27完成右组件，冲压空气排放作动器更换，测试正常AFREFERTOAMM21-51-27COMPETETRPACKRAMAIREXRAUSTTESTISOK王俊杰,4277,67600014-1,67600014-6346,,2945,6520.28,,,ACTUATOR-RAMAIR,6579245,62261905
73N,73N05710,7167,DE,CC,67600014-1,67600014-6346,21,X,X,FAIL,2018-09-12,10304:43,4277,6216:54,2803,2018-10-12,10583:31,4407,6495:42,2933,,278:48,航后依据FIM21-62TASK854排故确认右冲压排气作动器故障，依据AMM21-51-27更换右冲压排气作动器，测试正常肖俊AFREFFIM21-62TASK854TOMAKESURETHERHAIRREFAMM21-51-27TESTOK,130,67600014-1,67600014-2807,HONEYWELL,4971,10079.45,278:48,130,ACTUATOR-RAMAIR,6682219,62261945
73N,73N06323,1588,DE,CC,67600014-1,67600014-7896,21,X,X,FAIL,2017-03-30,00:00,0,00:00,0,2018-11-16,5344:30,2650,5344:30,2650,,5344:30,航后依据AMM21-50更换右侧空气排气作动器，测试正常，关闭DD201846662AFREFERTOAMM21-51REPLACEDTHERIGHTSIDEAIRTHEISOKCLOSEDD201846662薛东旭,2650,67600014-1,67600014-416,,7413,14974.28,,,ACTUATOR-RAMAIR,6802663,62264199
73N,73N05569,6800,DE,CC,67600014-1,67600014-4606,21,X,X,FAIL,2015-08-27,00:00,0,00:00,0,2018-11-02,11823:33,5010,11823:33,5010,航后测试ZTC1有SRADAEXIT信息AFTESTZTC1HASSRADAEXITFAILT周鸿儒,11823:33,航后依据AMM21-51-27更换左组件出口作动器测试正常挂签号:0033546AFREFERTOAMM21-51-27REPLACELEFTPACKEXHAUSTACTATERTESTISOK周鸿儒,5010,67600014-1,67600014-4433,,3798,7456.51,,,ACTUATOR-RAMAIR,6753714,62266372
73N,73N06019,1577,DE,CC,67600014-1,67600014-6346,21,X,X,FAIL,2016-07-27,00:00,0,00:00,0,2018-07-18,6216:54,2803,6216:54,2803,"航前推出后反映右组件灯亮,自检右侧PFTC有21-51406SRADAEXIT信息PFRPOCKLIGHTINGRITERPFTCHAVEMSG21-51406",6216:54,"航后依据AMM21-51-27更换右侧排气作动筒,测试正常AFREFERTOAMM21-51-27REPLACEDRRAMAIREXHAUSEACTUATOR,TESTOKSZX",2803,67600014-1,67600014-5033,,4669,9460.09,,,ACTUATOR-RAMAIR,6378422,F0406591
73N,73N06019,1577,DE,CC,67600014-1,67600014-6155,21,X,X,FAIL,2016-07-27,00:00,0,00:00,0,2018-05-27,5765:41,2540,6014:94,2634,右冲压空气作动筒故障RHAIRINLATACTUATORINFAULT,6015:34,"依据AMM21-51-21更换作动器,测试工作正常REFAMM21-51-21REPLACEACTUATORANDTESTWORKNMLTNA",2634,67600014-1,67600014-3867,,3123,6120.41,,,ACTUATOR-RAMAIR,6197549,F0409892
73N,73N06019,1577,DE,CC,67600014-1,67600014-6415,21,X,X,FAIL,2016-07-27,00:00,0,00:00,0,2018-09-22,6826:07,3110,6826:07,3110,见FC0645961.SEEFC0645961.发现者：吉善东。,6826:07,IAWAMM21-51-27REPLACERAWAIREXHAUSTACTUATORTESTOK.根据AWW21-51-27更换左冲压空气排放作动器测试正常。工作者：吉善东。,3110,67600014-1,67600014-3864,,5730,11106.39,,,ACTUATOR-RAMAIR,6613240,F0459621
73N,73N05076,1997,DE,CC,67600014-1,67600014-1217,21,X,X,FAIL,2016-08-14,5854:54,3101,00:00,0,2016-08-29,5964:20,3163,109:26,62,,109:26,1997飞机新版NRCWOH73N11985,62,67600014-1,6760014-2456,,6749,13232.12,,,ACTUATOR-RAMAIR,4283658,
